prompt_id,task_family,outcome,n_trials,within_prompt_js,between_prompt_js,js_margin,js_ratio,within_prompt_tv,between_prompt_tv,tv_margin,tv_ratio,centroid_entropy,dominant_cluster,dominant_cluster_share
arith_001,arithmetic,correct,15,0.07925473565289146,0.3498463188233866,0.27059158317049514,0.22654157379572637,0.13843537414965987,0.43375350140056024,0.29531812725090034,0.31915678767470823,1.3268709758910355,2,0.4896825396825397
arith_002,arithmetic,correct,15,0.29305051456946574,0.348217091421245,0.05516657685177928,0.8415741840051062,0.3523809523809524,0.42833333333333334,0.07595238095238094,0.8226792662590329,1.6310580976338667,2,0.49999999999999994
arith_003,arithmetic,correct,13,0.2491704216215996,0.3867308308315746,0.137560409209975,0.6442993466174306,0.3463675213675213,0.49920634920634915,0.15283882783882785,0.6938363703069584,2.046728727140519,3,0.33589743589743587
arith_003,arithmetic,incorrect,2,0.4591479170272448,0.3867308308315746,-0.07241708619567017,1.1872544943984789,0.6666666666666666,0.49920634920634915,-0.16746031746031748,1.3354531001589827,1.2516291673878228,2,0.6666666666666666
arith_004,arithmetic,correct,6,0.14389335233136338,0.5938792498285463,0.449985897497183,0.24229395516496927,0.3174603174603174,0.6735938578329882,0.3561335403726708,0.4712933673142681,1.877912808052819,0,0.38849206349206344
arith_004,arithmetic,incorrect,9,0.27112123593679066,0.5938792498285463,0.3227580138917557,0.4565258611326523,0.3791666666666667,0.6735938578329882,0.2944271911663215,0.5629010155859792,1.6261838034387717,0,0.49444444444444446
causal_001,causal_micro_world,correct,3,0.2371974619243904,0.5355608497338161,0.29836338780942573,0.4428954469735456,0.4166666666666667,0.644781974092319,0.22811530742565228,0.6462132680635532,1.2788853313827402,1,0.6428571428571428
causal_001,causal_micro_world,incorrect,12,0.2705565038548771,0.5355608497338161,0.265004345878939,0.5051834987366026,0.3838383838383838,0.644781974092319,0.26094359025393515,0.5952994954282428,1.2435472296282386,1,0.736111111111111
causal_002,causal_micro_world,correct,8,0.024926858961367617,0.5431035779969758,0.5181767190356082,0.04589706268056738,0.14702380952380947,0.6117162407484987,0.4646924312246893,0.2403464216413651,1.5706316715171744,3,0.39791666666666664
causal_002,causal_micro_world,incorrect,7,0.12636019863389056,0.5431035779969758,0.41674337936308525,0.2326631673094854,0.253968253968254,0.6117162407484987,0.3577479867802447,0.4151733059392004,1.5559408777120622,3,0.42857142857142855
causal_003,causal_micro_world,correct,9,0.018156481321224514,0.37309431791526537,0.3549378365940409,0.04866458814671117,0.07407407407407407,0.5039613526570048,0.42988727858293074,0.1469836400817996,0.9509560484549726,3,0.6296296296296295
causal_003,causal_micro_world,incorrect,6,0.0,0.37309431791526537,0.37309431791526537,0.0,0.0,0.5039613526570048,0.5039613526570048,0.0,0.9182958340544896,3,0.6666666666666666
causal_004,causal_micro_world,correct,14,0.037346613600482116,0.2824986875337935,0.24515207393331137,0.1322010163180478,0.11745159602302453,0.4065183450429352,0.2890667490199107,0.28892077677483324,1.7194501925435377,4,0.3644557823129252
causal_004,causal_micro_world,incorrect,1,,0.2824986875337935,,,,0.4065183450429352,,,1.584962500721156,1,0.3333333333333333
commonsense_001,commonsense_multihop,correct,2,0.0487949406953985,0.2897874585371901,0.24099251784179163,0.16838182349819103,0.25,0.40537148594377503,0.15537148594377503,0.61671826625387,1.9450355658756873,3,0.375
commonsense_001,commonsense_multihop,incorrect,13,0.2634749041659332,0.2897874585371901,0.026312554371256902,0.9092005067987439,0.3831501831501831,0.40537148594377503,0.022221302793591913,0.9451828666689349,1.9185059727504488,3,0.34798534798534797
commonsense_002,commonsense_multihop,correct,13,0.18450849226895163,0.25750316038723203,0.0729946681182804,0.7165290398435834,0.2788461538461538,0.3841162591162591,0.10527010527010527,0.7259420741202117,1.5838915515764165,1,0.5576923076923077
commonsense_002,commonsense_multihop,incorrect,2,0.3080790459672315,0.25750316038723203,-0.05057588557999948,1.1964087955423293,0.4166666666666666,0.3841162591162591,-0.0325504075504075,1.0847410302945693,1.8505602963278096,1,0.41666666666666663
commonsense_003,commonsense_multihop,correct,5,0.15848507992852917,0.36113238691318844,0.20264730698465927,0.43885590346297837,0.26666666666666666,0.4790816326530612,0.21241496598639453,0.5566205182818602,1.5675864923309946,4,0.5499999999999999
commonsense_003,commonsense_multihop,incorrect,10,0.22881701586429154,0.36113238691318844,0.1323153710488969,0.6336097900831481,0.34444444444444444,0.4790816326530612,0.13463718820861675,0.7189681694474027,1.6941294648699081,1,0.39166666666666666
commonsense_004,commonsense_multihop,correct,5,0.06749865693780262,0.2816584076078089,0.2141597506700063,0.23964722910664937,0.15,0.3956802721088435,0.2456802721088435,0.3790939568469011,1.748015562159248,1,0.43
commonsense_004,commonsense_multihop,incorrect,10,0.2598846074559991,0.2816584076078089,0.021773800151809797,0.9226943007427337,0.36148148148148146,0.3956802721088435,0.03419879062736203,0.9135696342779641,1.735813045166712,3,0.47785714285714287
logic_001,symbolic_logic,correct,8,0.19227976823493667,0.33068740012920267,0.138407631894266,0.5814547762019695,0.31250000000000006,0.4582947043124034,0.14579470431240332,0.6818756513210324,1.7195992637807886,1,0.40327380952380953
logic_001,symbolic_logic,incorrect,7,0.10336799077298012,0.33068740012920267,0.22731940935622255,0.31258521108634096,0.21904761904761902,0.4582947043124034,0.23924708526478436,0.4779623613069331,1.520271146789173,1,0.42142857142857143
logic_002,symbolic_logic,correct,6,0.10816313639181505,0.17096181984443612,0.06279868345262107,0.6326742221756665,0.2111111111111111,0.29443716324450264,0.08332605213339153,0.7169988624561058,1.389640911570547,0,0.47222222222222215
logic_002,symbolic_logic,incorrect,9,0.10281592417447534,0.17096181984443612,0.06814589566996078,0.6013969918431553,0.20370370370370366,0.29443716324450264,0.09073345954079898,0.6918410076330844,1.3876892931631746,3,0.48148148148148145
logic_003,symbolic_logic,correct,6,0.11426693674331038,0.2145894955775236,0.10032255883421322,0.5324908213041107,0.1866666666666666,0.358810251929518,0.1721435852628514,0.5202378295014102,1.3757322138628407,3,0.611111111111111
logic_003,symbolic_logic,incorrect,9,0.018320258064297084,0.2145894955775236,0.19626923751322653,0.08537350821852611,0.12037037037037034,0.358810251929518,0.23843988155914764,0.33547082259515537,0.9960383613659185,3,0.537037037037037
logic_004,symbolic_logic,correct,12,0.09342613785655776,0.281160599362654,0.1877344615060962,0.33228744734624927,0.18686868686868682,0.4345502645502645,0.2476815776815777,0.4300277830047706,0.8524051786494786,0,0.7222222222222222
logic_004,symbolic_logic,incorrect,3,0.20751874963942185,0.281160599362654,0.07364184972323212,0.7380790555640926,0.3333333333333333,0.4345502645502645,0.1012169312169312,0.7670765859004018,0.6500224216483541,0,0.8333333333333334
temporal_001,temporal_ordering,correct,10,0.4088821739991777,0.4337338875493923,0.024851713550214594,0.9427028547604905,0.5367901234567902,0.5417283950617284,0.004938271604938205,0.9908842297174112,1.782209795516192,0,0.3511111111111111
temporal_001,temporal_ordering,incorrect,5,0.3014572913391029,0.4337338875493923,0.13227659621028942,0.6950282188978694,0.45666666666666667,0.5417283950617284,0.08506172839506176,0.8429808568824065,1.6414767381705868,4,0.5599999999999999
temporal_002,temporal_ordering,correct,11,0.2171009880976329,0.36958509933565764,0.15248411123802474,0.5874181304600203,0.33151515151515154,0.4725195094760312,0.14100435796087968,0.7015903996911429,1.422127602622697,4,0.606060606060606
temporal_002,temporal_ordering,incorrect,4,0.13885991357118502,0.36958509933565764,0.23072518576447262,0.37571837668994407,0.22222222222222218,0.4725195094760312,0.25029728725380906,0.4702921631080177,1.5167331769861219,4,0.5083333333333334
temporal_003,temporal_ordering,correct,7,0.2085408312737989,0.349349188041696,0.1408083567678971,0.5969409359237121,0.33174603174603173,0.45145853818420184,0.11971250643817011,0.7348316704349811,1.642602606262292,3,0.45
temporal_003,temporal_ordering,incorrect,8,0.23088853711422117,0.349349188041696,0.11846065092747485,0.6609104730097837,0.3541666666666666,0.45145853818420184,0.09729187151753527,0.7844943371569623,1.6687995517266299,3,0.4270833333333333
temporal_004,temporal_ordering,incorrect,15,0.06666666666666667,0.5472699064286727,0.48060323976200603,0.12181679621617479,0.06666666666666667,0.6200653594771243,0.5533986928104576,0.1075155475914409,1.1766796675107107,3,0.5
