trace_id,task_family,outcome,best_static_axis,best_alignment,best_abs_alignment,residual_energy
trace_00001,arithmetic,correct,axis_1,-0.06867498904466629,0.06867498904466629,0.9976390600204468
trace_00001,arithmetic,correct,axis_4,0.21888311207294464,0.21888311207294464,0.9757511019706726
trace_00002,symbolic_logic,correct,axis_4,-0.08214765787124634,0.08214765787124634,0.9966201782226562
trace_00002,symbolic_logic,correct,axis_2,-0.08277098834514618,0.08277098834514618,0.9965686202049255
trace_00003,temporal_ordering,correct,axis_2,-0.15134096145629883,0.15134096145629883,0.9884816408157349
trace_00003,temporal_ordering,correct,axis_1,-0.22711268067359924,0.22711268067359924,0.9738684892654419
trace_00004,causal_micro_world,incorrect,axis_5,-0.0851280689239502,0.0851280689239502,0.9963700175285339
trace_00004,causal_micro_world,incorrect,axis_1,0.1226453185081482,0.1226453185081482,0.9924505352973938
trace_00005,commonsense_multihop,incorrect,axis_3,-0.2446262687444687,0.2446262687444687,0.9696174263954163
trace_00005,commonsense_multihop,incorrect,axis_4,0.23418405652046204,0.23418405652046204,0.9721922874450684
trace_00005,commonsense_multihop,incorrect,axis_4,-0.14101238548755646,0.14101238548755646,0.9900078177452087
trace_00005,commonsense_multihop,incorrect,axis_3,0.23660501837730408,0.23660501837730408,0.9716058969497681
trace_00005,commonsense_multihop,incorrect,axis_1,-0.1758566051721573,0.1758566051721573,0.9844157695770264
trace_00006,arithmetic,correct,axis_4,0.041361331939697266,0.041361331939697266,0.9991442561149597
trace_00006,arithmetic,correct,axis_1,-0.11201097071170807,0.11201097071170807,0.9937069416046143
trace_00007,symbolic_logic,correct,axis_4,-0.13122247159481049,0.13122247159481049,0.991352915763855
trace_00007,symbolic_logic,correct,axis_2,0.1633361577987671,0.1633361577987671,0.9865704774856567
trace_00007,symbolic_logic,correct,axis_5,0.09031245112419128,0.09031245112419128,0.9959134459495544
trace_00008,temporal_ordering,incorrect,axis_2,-0.1051689088344574,0.1051689088344574,0.9944543838500977
trace_00008,temporal_ordering,incorrect,axis_3,-0.08563096821308136,0.08563096821308136,0.9963269233703613
trace_00008,temporal_ordering,incorrect,axis_4,0.10832072794437408,0.10832072794437408,0.9941160082817078
trace_00008,temporal_ordering,incorrect,axis_2,0.1412934958934784,0.1412934958934784,0.9899677634239197
trace_00009,causal_micro_world,correct,axis_4,0.18802179396152496,0.18802179396152496,0.9821648597717285
trace_00009,causal_micro_world,correct,axis_2,0.09527863562107086,0.09527863562107086,0.9954506158828735
trace_00009,causal_micro_world,correct,axis_4,0.14135043323040009,0.14135043323040009,0.9899595975875854
trace_00009,causal_micro_world,correct,axis_2,-0.2200627475976944,0.2200627475976944,0.9754857420921326
trace_00010,commonsense_multihop,correct,axis_5,-0.1543440967798233,0.1543440967798233,0.9880171418190002
trace_00010,commonsense_multihop,correct,axis_2,0.16526703536510468,0.16526703536510468,0.9862488508224487
trace_00010,commonsense_multihop,correct,axis_2,0.20629030466079712,0.20629030466079712,0.9784908294677734
trace_00010,commonsense_multihop,correct,axis_3,0.1482815146446228,0.1482815146446228,0.9889451861381531
trace_00010,commonsense_multihop,correct,axis_3,-0.1861957609653473,0.1861957609653473,0.9825126528739929
trace_00011,arithmetic,incorrect,axis_3,0.10991911590099335,0.10991911590099335,0.993940532207489
trace_00012,symbolic_logic,incorrect,axis_2,-0.11580029129981995,0.11580029129981995,0.9932724833488464
trace_00012,symbolic_logic,incorrect,axis_5,0.08843541145324707,0.08843541145324707,0.9960818886756897
trace_00013,temporal_ordering,incorrect,axis_3,-0.2985996603965759,0.2985996603965759,0.9543784856796265
trace_00013,temporal_ordering,incorrect,axis_3,0.21660354733467102,0.21660354733467102,0.9762596487998962
trace_00013,temporal_ordering,incorrect,axis_3,-0.15635760128498077,0.15635760128498077,0.9877005219459534
trace_00014,causal_micro_world,incorrect,axis_4,-0.12191140651702881,0.12191140651702881,0.9925409555435181
trace_00014,causal_micro_world,incorrect,axis_1,0.19912874698638916,0.19912874698638916,0.9799733757972717
trace_00014,causal_micro_world,incorrect,axis_1,0.17261718213558197,0.17261718213558197,0.9849889874458313
trace_00015,commonsense_multihop,incorrect,axis_3,0.2225923240184784,0.2225923240184784,0.974911630153656
trace_00015,commonsense_multihop,incorrect,axis_4,0.11654040217399597,0.11654040217399597,0.9931859374046326
trace_00015,commonsense_multihop,incorrect,axis_3,-0.14609450101852417,0.14609450101852417,0.9892706274986267
trace_00016,arithmetic,incorrect,axis_2,0.20472246408462524,0.20472246408462524,0.9788200259208679
trace_00016,arithmetic,incorrect,axis_1,-0.19057513773441315,0.19057513773441315,0.9816725850105286
trace_00016,arithmetic,incorrect,axis_1,0.12117218971252441,0.12117218971252441,0.9926314949989319
trace_00017,symbolic_logic,incorrect,axis_3,-0.07376645505428314,0.07376645505428314,0.9972755312919617
trace_00017,symbolic_logic,incorrect,axis_2,-0.15819349884986877,0.15819349884986877,0.9874081015586853
trace_00018,temporal_ordering,incorrect,axis_5,0.06368289142847061,0.06368289142847061,0.9979701638221741
trace_00018,temporal_ordering,incorrect,axis_4,-0.1343902200460434,0.1343902200460434,0.9909284710884094
trace_00019,causal_micro_world,correct,axis_4,0.16533249616622925,0.16533249616622925,0.9862378835678101
trace_00019,causal_micro_world,correct,axis_5,-0.2033543586730957,0.2033543586730957,0.9791052341461182
trace_00019,causal_micro_world,correct,axis_3,-0.27768999338150024,0.27768999338150024,0.9606707692146301
trace_00020,commonsense_multihop,incorrect,axis_1,-0.2296062409877777,0.2296062409877777,0.9732836484909058
trace_00020,commonsense_multihop,incorrect,axis_5,0.055683933198451996,0.055683933198451996,0.9984484314918518
trace_00020,commonsense_multihop,incorrect,axis_5,-0.2842579483985901,0.2842579483985901,0.9587478637695312
trace_00021,arithmetic,correct,axis_1,-0.17258231341838837,0.17258231341838837,0.9849950671195984
trace_00021,arithmetic,correct,axis_2,0.07556737959384918,0.07556737959384918,0.9971407055854797
trace_00021,arithmetic,correct,axis_2,-0.060088593512773514,0.060088593512773514,0.998193085193634
trace_00022,symbolic_logic,correct,axis_1,0.13716605305671692,0.13716605305671692,0.9905480742454529
trace_00022,symbolic_logic,correct,axis_1,-0.13671495020389557,0.13671495020389557,0.9906104207038879
trace_00023,temporal_ordering,incorrect,axis_3,0.051581621170043945,0.051581621170043945,0.9986687898635864
trace_00023,temporal_ordering,incorrect,axis_3,0.1751195192337036,0.1751195192337036,0.9845471978187561
trace_00024,causal_micro_world,incorrect,axis_5,-0.16081708669662476,0.16081708669662476,0.9869841933250427
trace_00024,causal_micro_world,incorrect,axis_4,-0.20848393440246582,0.20848393440246582,0.9780257940292358
trace_00024,causal_micro_world,incorrect,axis_4,0.20464032888412476,0.20464032888412476,0.978837251663208
trace_00025,commonsense_multihop,correct,axis_2,0.11119028925895691,0.11119028925895691,0.9937991499900818
trace_00025,commonsense_multihop,correct,axis_5,-0.16774463653564453,0.16774463653564453,0.9858304858207703
trace_00025,commonsense_multihop,correct,axis_5,0.2425077259540558,0.2425077259540558,0.9701494574546814
trace_00025,commonsense_multihop,correct,axis_4,0.28362810611724854,0.28362810611724854,0.9589343667030334
trace_00025,commonsense_multihop,correct,axis_1,-0.22147738933563232,0.22147738933563232,0.9751654863357544
trace_00026,arithmetic,incorrect,axis_1,-0.10493984073400497,0.10493984073400497,0.9944785833358765
trace_00026,arithmetic,incorrect,axis_2,-0.08836109191179276,0.08836109191179276,0.9960885047912598
trace_00026,arithmetic,incorrect,axis_2,0.14525723457336426,0.14525723457336426,0.9893938899040222
trace_00026,arithmetic,incorrect,axis_2,0.16058412194252014,0.16058412194252014,0.9870221614837646
trace_00026,arithmetic,incorrect,axis_5,0.150577574968338,0.150577574968338,0.9885981678962708
trace_00027,symbolic_logic,incorrect,axis_3,-0.1813657283782959,0.1813657283782959,0.9834157228469849
trace_00027,symbolic_logic,incorrect,axis_1,0.1472187638282776,0.1472187638282776,0.9891039729118347
trace_00027,symbolic_logic,incorrect,axis_1,-0.16688711941242218,0.16688711941242218,0.9859760403633118
trace_00028,temporal_ordering,correct,axis_4,-0.18940001726150513,0.18940001726150513,0.9819000363349915
trace_00028,temporal_ordering,correct,axis_1,-0.22651582956314087,0.22651582956314087,0.9740074872970581
trace_00029,causal_micro_world,correct,axis_5,-0.2239995151758194,0.2239995151758194,0.9745892286300659
trace_00029,causal_micro_world,correct,axis_5,0.19697487354278564,0.19697487354278564,0.9804085493087769
trace_00029,causal_micro_world,correct,axis_2,0.21449169516563416,0.21449169516563416,0.9767258167266846
trace_00029,causal_micro_world,correct,axis_3,-0.17359405755996704,0.17359405755996704,0.9848172664642334
trace_00030,commonsense_multihop,incorrect,axis_1,-0.23365458846092224,0.23365458846092224,0.9723196625709534
trace_00030,commonsense_multihop,incorrect,axis_4,0.05247156322002411,0.05247156322002411,0.9986224174499512
trace_00030,commonsense_multihop,incorrect,axis_5,-0.23341946303844452,0.23341946303844452,0.9723761081695557
trace_00030,commonsense_multihop,incorrect,axis_5,0.2502148151397705,0.2502148151397705,0.9681903123855591
trace_00030,commonsense_multihop,incorrect,axis_4,-0.18631619215011597,0.18631619215011597,0.982489824295044
trace_00030,commonsense_multihop,incorrect,axis_4,0.23743775486946106,0.23743775486946106,0.9714027643203735
trace_00030,commonsense_multihop,incorrect,axis_4,-0.24896010756492615,0.24896010756492615,0.9685137271881104
trace_00030,commonsense_multihop,incorrect,axis_4,0.2386268824338913,0.2386268824338913,0.9711112976074219
trace_00031,arithmetic,correct,axis_4,-0.09337873011827469,0.09337873011827469,0.99563068151474
trace_00031,arithmetic,correct,axis_1,0.06753946095705032,0.06753946095705032,0.9977166056632996
trace_00031,arithmetic,correct,axis_2,0.21225346624851227,0.21225346624851227,0.9772146344184875
trace_00031,arithmetic,correct,axis_5,-0.1340361088514328,0.1340361088514328,0.9909764528274536
trace_00031,arithmetic,correct,axis_5,0.16964590549468994,0.16964590549468994,0.9855051040649414
trace_00031,arithmetic,correct,axis_1,0.040774449706077576,0.040774449706077576,0.9991683959960938
trace_00032,symbolic_logic,correct,axis_5,0.15364781022071838,0.15364781022071838,0.9881256818771362
trace_00032,symbolic_logic,correct,axis_2,-0.14231812953948975,0.14231812953948975,0.9898209571838379
trace_00033,temporal_ordering,incorrect,axis_1,-0.203477680683136,0.203477680683136,0.9790796041488647
trace_00033,temporal_ordering,incorrect,axis_1,-0.10105767846107483,0.10105767846107483,0.9948805570602417
trace_00033,temporal_ordering,incorrect,axis_1,0.2433260679244995,0.2433260679244995,0.9699445366859436
trace_00033,temporal_ordering,incorrect,axis_1,-0.23261228203773499,0.23261228203773499,0.9725695252418518
trace_00034,causal_micro_world,incorrect,axis_1,-0.11452669650316238,0.11452669650316238,0.9934201836585999
trace_00034,causal_micro_world,incorrect,axis_1,0.05935397744178772,0.05935397744178772,0.9982370138168335
trace_00034,causal_micro_world,incorrect,axis_5,-0.24616388976573944,0.24616388976573944,0.969228208065033
trace_00035,commonsense_multihop,incorrect,axis_1,-0.10182274132966995,0.10182274132966995,0.9948025345802307
trace_00035,commonsense_multihop,incorrect,axis_5,-0.17248839139938354,0.17248839139938354,0.9850115180015564
trace_00035,commonsense_multihop,incorrect,axis_1,-0.2956739664077759,0.2956739664077759,0.9552888870239258
trace_00035,commonsense_multihop,incorrect,axis_1,0.16119247674942017,0.16119247674942017,0.9869229793548584
trace_00035,commonsense_multihop,incorrect,axis_5,0.10651957988739014,0.10651957988739014,0.9943106174468994
trace_00035,commonsense_multihop,incorrect,axis_1,-0.17296752333641052,0.17296752333641052,0.9849275350570679
trace_00036,arithmetic,incorrect,axis_1,-0.09073153883218765,0.09073153883218765,0.995875358581543
trace_00036,arithmetic,incorrect,axis_1,-0.11707659810781479,0.11707659810781479,0.9931228756904602
trace_00036,arithmetic,incorrect,axis_2,0.19720230996608734,0.19720230996608734,0.9803628325462341
trace_00036,arithmetic,incorrect,axis_3,0.07380793988704681,0.07380793988704681,0.9972724914550781
trace_00036,arithmetic,incorrect,axis_5,0.10810627043247223,0.10810627043247223,0.9941393136978149
trace_00037,symbolic_logic,correct,axis_3,0.15603701770305634,0.15603701770305634,0.9877511858940125
trace_00037,symbolic_logic,correct,axis_3,-0.19675970077514648,0.19675970077514648,0.9804517030715942
trace_00038,temporal_ordering,incorrect,axis_4,0.07708083093166351,0.07708083093166351,0.9970248341560364
trace_00038,temporal_ordering,incorrect,axis_5,0.1709146648645401,0.1709146648645401,0.9852858185768127
trace_00039,causal_micro_world,incorrect,axis_3,-0.25799432396888733,0.25799432396888733,0.9661464095115662
trace_00039,causal_micro_world,incorrect,axis_4,-0.21783480048179626,0.21783480048179626,0.9759856462478638
trace_00039,causal_micro_world,incorrect,axis_3,0.27790793776512146,0.27790793776512146,0.9606077075004578
trace_00039,causal_micro_world,incorrect,axis_3,0.23915338516235352,0.23915338516235352,0.970981776714325
trace_00040,commonsense_multihop,correct,axis_1,-0.23410341143608093,0.23410341143608093,0.9722117185592651
trace_00040,commonsense_multihop,correct,axis_5,-0.27280277013778687,0.27280277013778687,0.9620699882507324
trace_00040,commonsense_multihop,correct,axis_5,0.23556870222091675,0.23556870222091675,0.9718576669692993
trace_00040,commonsense_multihop,correct,axis_1,-0.07816767692565918,0.07816767692565918,0.9969401955604553
trace_00040,commonsense_multihop,correct,axis_5,-0.15090930461883545,0.15090930461883545,0.9885476231575012
trace_00041,arithmetic,correct,axis_1,-0.07532501965761185,0.07532501965761185,0.9971590042114258
trace_00041,arithmetic,correct,axis_1,-0.09161421656608582,0.09161421656608582,0.9957945942878723
trace_00041,arithmetic,correct,axis_1,0.10321171581745148,0.10321171581745148,0.994659423828125
trace_00041,arithmetic,correct,axis_3,-0.05706127732992172,0.05706127732992172,0.9983707070350647
trace_00042,symbolic_logic,incorrect,axis_2,0.21920984983444214,0.21920984983444214,0.9756777286529541
trace_00042,symbolic_logic,incorrect,axis_4,0.1675420105457306,0.1675420105457306,0.9858649373054504
trace_00042,symbolic_logic,incorrect,axis_4,0.150037944316864,0.150037944316864,0.9886802434921265
trace_00042,symbolic_logic,incorrect,axis_3,0.2890806794166565,0.2890806794166565,0.9573047757148743
trace_00043,temporal_ordering,incorrect,axis_2,0.19174295663833618,0.19174295663833618,0.9814451932907104
trace_00043,temporal_ordering,incorrect,axis_2,-0.14456725120544434,0.14456725120544434,0.9894949793815613
trace_00043,temporal_ordering,incorrect,axis_2,0.17351098358631134,0.17351098358631134,0.9848319292068481
trace_00044,causal_micro_world,correct,axis_5,-0.058700963854789734,0.058700963854789734,0.998275637626648
trace_00044,causal_micro_world,correct,axis_3,-0.2783239483833313,0.2783239483833313,0.9604872465133667
trace_00044,causal_micro_world,correct,axis_5,0.1450491100549698,0.1450491100549698,0.989424467086792
trace_00045,commonsense_multihop,correct,axis_5,0.19542427361011505,0.19542427361011505,0.9807187914848328
trace_00045,commonsense_multihop,correct,axis_5,-0.12647253274917603,0.12647253274917603,0.9919701218605042
trace_00045,commonsense_multihop,correct,axis_5,0.16377031803131104,0.16377031803131104,0.9864984750747681
trace_00045,commonsense_multihop,correct,axis_4,0.19433686137199402,0.19433686137199402,0.9809348583221436
trace_00046,arithmetic,correct,axis_1,-0.03461340814828873,0.03461340814828873,0.9994007349014282
trace_00046,arithmetic,correct,axis_3,0.11594745516777039,0.11594745516777039,0.9932553172111511
trace_00046,arithmetic,correct,axis_1,0.1182217001914978,0.1182217001914978,0.9929872155189514
trace_00046,arithmetic,correct,axis_5,0.12715794146060944,0.12715794146060944,0.9918825030326843
trace_00046,arithmetic,correct,axis_1,-0.126772940158844,0.126772940158844,0.9919317364692688
trace_00046,arithmetic,correct,axis_5,0.16079947352409363,0.16079947352409363,0.9869871139526367
trace_00046,arithmetic,correct,axis_2,-0.08936967700719833,0.08936967700719833,0.9959985017776489
trace_00047,symbolic_logic,incorrect,axis_2,0.12442924082279205,0.12442924082279205,0.9922284483909607
trace_00047,symbolic_logic,incorrect,axis_4,0.08739662915468216,0.08739662915468216,0.996173620223999
trace_00048,temporal_ordering,incorrect,axis_3,0.11863069236278534,0.11863069236278534,0.9929384589195251
trace_00048,temporal_ordering,incorrect,axis_5,0.029857439920306206,0.029857439920306206,0.9995541572570801
trace_00048,temporal_ordering,incorrect,axis_4,0.16083122789859772,0.16083122789859772,0.9869819283485413
trace_00049,causal_micro_world,incorrect,axis_3,-0.18233996629714966,0.18233996629714966,0.9832355380058289
trace_00049,causal_micro_world,incorrect,axis_4,0.20689478516578674,0.20689478516578674,0.9783632159233093
trace_00049,causal_micro_world,incorrect,axis_4,-0.12326803058385849,0.12326803058385849,0.9923734068870544
trace_00050,commonsense_multihop,correct,axis_1,-0.07784004509449005,0.07784004509449005,0.9969658851623535
trace_00050,commonsense_multihop,correct,axis_3,0.14401957392692566,0.14401957392692566,0.9895748496055603
trace_00050,commonsense_multihop,correct,axis_4,-0.09430045634508133,0.09430045634508133,0.9955437779426575
trace_00050,commonsense_multihop,correct,axis_3,0.113165944814682,0.113165944814682,0.9935761094093323
