pair_id,question,error_family,truthful_sample_id,hallucinated_sample_id,truthful_answer,hallucinated_answer,delta_norm,base_id,residual_pc1,residual_pc2,residual_pc3
b01_causal_substitution,Evaluate the short factual answer below for the given knowledge item.,causal_substitution,truthful_b01_causal_substitution,hallucinated_b01_causal_substitution,Claim: Mercury is the planet closest to the Sun. Supporting note: It has the shortest orbital period in the Solar System.,Claim: Mercury is the planet closest to the Sun because it has the brightest clouds. Supporting note: It has the shortest orbital period in the Solar System.,0.321269690990448,b01,-0.050901905,0.06281694,-0.061488062
b01_definition_substitution,Evaluate the short factual answer below for the given knowledge item.,definition_substitution,truthful_b01_definition_substitution,hallucinated_b01_definition_substitution,Claim: Mercury is the planet closest to the Sun. Supporting note: It has the shortest orbital period in the Solar System.,Claim: Mercury is the star closest to the Sun. Supporting note: It has the shortest orbital period in the Solar System.,0.3232700228691101,b01,-0.034614343,-0.013724741,0.0035325103
b01_entity_swap,Evaluate the short factual answer below for the given knowledge item.,entity_swap,truthful_b01_entity_swap,hallucinated_b01_entity_swap,Claim: Mercury is the planet closest to the Sun. Supporting note: It has the shortest orbital period in the Solar System.,Claim: Venus is the planet closest to the Sun. Supporting note: It has the shortest orbital period in the Solar System.,0.41634464263916016,b01,-0.031350803,-0.03655494,-0.033394314
b01_numeric_distortion,Evaluate the short factual answer below for the given knowledge item.,numeric_distortion,truthful_b01_numeric_distortion,hallucinated_b01_numeric_distortion,Claim: Mercury is the planet closest to the Sun. Supporting note: It has the shortest orbital period in the Solar System.,Claim: Mercury is the second planet closest to the Sun. Supporting note: It has the shortest orbital period in the Solar System.,0.34541812539100647,b01,-0.07487281,-0.013872837,0.08599023
b01_role_inversion,Evaluate the short factual answer below for the given knowledge item.,role_inversion,truthful_b01_role_inversion,hallucinated_b01_role_inversion,Claim: Mercury is the planet closest to the Sun. Supporting note: It has the shortest orbital period in the Solar System.,Claim: The Sun is the object closest to Mercury rather than Mercury being the planet closest to the Sun. Supporting note: It has the shortest orbital period in the Solar System.,0.4222683608531952,b01,0.19173975,0.0013355976,0.0053596688
b02_causal_substitution,Evaluate the short factual answer below for the given knowledge item.,causal_substitution,truthful_b02_causal_substitution,hallucinated_b02_causal_substitution,Claim: The heart is the organ that pumps blood through the human body. Supporting note: Its contractions drive circulation through the vascular system.,Claim: The heart is the organ that pumps blood through the human body because it stores oxygen like a reservoir. Supporting note: Its contractions drive circulation through the vascular system.,0.25160351395606995,b02,-0.052275196,0.079051904,-0.06930712
b02_definition_substitution,Evaluate the short factual answer below for the given knowledge item.,definition_substitution,truthful_b02_definition_substitution,hallucinated_b02_definition_substitution,Claim: The heart is the organ that pumps blood through the human body. Supporting note: Its contractions drive circulation through the vascular system.,Claim: The heart is the gland that pumps blood through the human body. Supporting note: Its contractions drive circulation through the vascular system.,0.4938713014125824,b02,-0.043568637,-0.037964877,0.007983582
b02_entity_swap,Evaluate the short factual answer below for the given knowledge item.,entity_swap,truthful_b02_entity_swap,hallucinated_b02_entity_swap,Claim: The heart is the organ that pumps blood through the human body. Supporting note: Its contractions drive circulation through the vascular system.,Claim: The liver is the organ that pumps blood through the human body. Supporting note: Its contractions drive circulation through the vascular system.,0.45216426253318787,b02,-0.08118701,-0.090599924,-0.042696282
b02_numeric_distortion,Evaluate the short factual answer below for the given knowledge item.,numeric_distortion,truthful_b02_numeric_distortion,hallucinated_b02_numeric_distortion,Claim: The heart is the organ that pumps blood through the human body. Supporting note: Its contractions drive circulation through the vascular system.,Claim: The heart is the organ that pumps blood through the human body's three main chambers. Supporting note: Its contractions drive circulation through the vascular system.,0.42989295721054077,b02,-0.100927316,0.00023257219,0.098437406
b02_role_inversion,Evaluate the short factual answer below for the given knowledge item.,role_inversion,truthful_b02_role_inversion,hallucinated_b02_role_inversion,Claim: The heart is the organ that pumps blood through the human body. Supporting note: Its contractions drive circulation through the vascular system.,Claim: Blood pumps the heart through the human body rather than the heart pumping blood through the body. Supporting note: Its contractions drive circulation through the vascular system.,0.5881960988044739,b02,0.277958,0.049280427,0.005582359
b03_causal_substitution,Evaluate the short factual answer below for the given knowledge item.,causal_substitution,truthful_b03_causal_substitution,hallucinated_b03_causal_substitution,Claim: Gold has the chemical symbol Au. Supporting note: The abbreviation comes from the Latin word aurum.,Claim: Gold has the chemical symbol Au because its atoms are heavier than silver. Supporting note: The abbreviation comes from the Latin word aurum.,0.4003487825393677,b03,-0.015997242,0.15925899,-0.05458082
b03_definition_substitution,Evaluate the short factual answer below for the given knowledge item.,definition_substitution,truthful_b03_definition_substitution,hallucinated_b03_definition_substitution,Claim: Gold has the chemical symbol Au. Supporting note: The abbreviation comes from the Latin word aurum.,Claim: Gold has the chemical formula Au. Supporting note: The abbreviation comes from the Latin word aurum.,0.31042352318763733,b03,-0.077844314,-0.05012328,-0.04604346
b03_entity_swap,Evaluate the short factual answer below for the given knowledge item.,entity_swap,truthful_b03_entity_swap,hallucinated_b03_entity_swap,Claim: Gold has the chemical symbol Au. Supporting note: The abbreviation comes from the Latin word aurum.,Claim: Gold has the chemical symbol Ag. Supporting note: The abbreviation comes from the Latin word aurum.,0.3162468671798706,b03,-0.051359333,-0.04715898,0.018848056
b03_numeric_distortion,Evaluate the short factual answer below for the given knowledge item.,numeric_distortion,truthful_b03_numeric_distortion,hallucinated_b03_numeric_distortion,Claim: Gold has the chemical symbol Au. Supporting note: The abbreviation comes from the Latin word aurum.,Claim: Gold has the chemical symbol Au2. Supporting note: The abbreviation comes from the Latin word aurum.,0.25959908962249756,b03,-0.09643374,-0.059923045,0.03990576
b03_role_inversion,Evaluate the short factual answer below for the given knowledge item.,role_inversion,truthful_b03_role_inversion,hallucinated_b03_role_inversion,Claim: Gold has the chemical symbol Au. Supporting note: The abbreviation comes from the Latin word aurum.,Claim: Au has the chemical symbol gold rather than gold having the chemical symbol Au. Supporting note: The abbreviation comes from the Latin word aurum.,0.5004174709320068,b03,0.24163453,-0.0020537071,0.041870505
b04_causal_substitution,Evaluate the short factual answer below for the given knowledge item.,causal_substitution,truthful_b04_causal_substitution,hallucinated_b04_causal_substitution,Claim: Lisbon is the capital of Portugal. Supporting note: It lies on the western side of the Iberian Peninsula.,Claim: Lisbon is the capital of Portugal because it is the country's tallest mountain. Supporting note: It lies on the western side of the Iberian Peninsula.,0.39743536710739136,b04,-0.069672816,0.15541522,-0.16902219
b04_definition_substitution,Evaluate the short factual answer below for the given knowledge item.,definition_substitution,truthful_b04_definition_substitution,hallucinated_b04_definition_substitution,Claim: Lisbon is the capital of Portugal. Supporting note: It lies on the western side of the Iberian Peninsula.,Claim: Lisbon is the largest province of Portugal. Supporting note: It lies on the western side of the Iberian Peninsula.,0.733781099319458,b04,-0.110700205,0.03599208,0.24376614
b04_entity_swap,Evaluate the short factual answer below for the given knowledge item.,entity_swap,truthful_b04_entity_swap,hallucinated_b04_entity_swap,Claim: Lisbon is the capital of Portugal. Supporting note: It lies on the western side of the Iberian Peninsula.,Claim: Madrid is the capital of Portugal. Supporting note: It lies on the western side of the Iberian Peninsula.,0.4178992211818695,b04,-0.0014570017,-0.071133666,-0.112526506
b04_numeric_distortion,Evaluate the short factual answer below for the given knowledge item.,numeric_distortion,truthful_b04_numeric_distortion,hallucinated_b04_numeric_distortion,Claim: Lisbon is the capital of Portugal. Supporting note: It lies on the western side of the Iberian Peninsula.,Claim: Lisbon is one of the two capitals of Portugal. Supporting note: It lies on the western side of the Iberian Peninsula.,0.3518681526184082,b04,-0.075793974,-0.0475672,0.044990674
b04_role_inversion,Evaluate the short factual answer below for the given knowledge item.,role_inversion,truthful_b04_role_inversion,hallucinated_b04_role_inversion,Claim: Lisbon is the capital of Portugal. Supporting note: It lies on the western side of the Iberian Peninsula.,Claim: Portugal is the capital of Lisbon rather than Lisbon being the capital of Portugal. Supporting note: It lies on the western side of the Iberian Peninsula.,0.4623207151889801,b04,0.25762394,-0.07270659,-0.0072081233
b05_causal_substitution,Evaluate the short factual answer below for the given knowledge item.,causal_substitution,truthful_b05_causal_substitution,hallucinated_b05_causal_substitution,Claim: Day and night alternate because Earth rotates on its axis. Supporting note: The cycle repeats over roughly twenty-four hours.,Claim: Day and night alternate because the Moon covers different parts of the sky on a schedule. Supporting note: The cycle repeats over roughly twenty-four hours.,0.41243427991867065,b05,-0.012719696,0.013961409,0.030221896
b05_definition_substitution,Evaluate the short factual answer below for the given knowledge item.,definition_substitution,truthful_b05_definition_substitution,hallucinated_b05_definition_substitution,Claim: Day and night alternate because Earth rotates on its axis. Supporting note: The cycle repeats over roughly twenty-four hours.,Claim: Day and night alternate because Earth revolves on its axis. Supporting note: The cycle repeats over roughly twenty-four hours.,0.08342492580413818,b05,-0.032766372,0.010864509,-0.025422039
b05_entity_swap,Evaluate the short factual answer below for the given knowledge item.,entity_swap,truthful_b05_entity_swap,hallucinated_b05_entity_swap,Claim: Day and night alternate because Earth rotates on its axis. Supporting note: The cycle repeats over roughly twenty-four hours.,Claim: Day and night alternate because Mars rotates on its axis. Supporting note: The cycle repeats over roughly twenty-four hours.,0.6020809412002563,b05,-0.02772601,-0.114043966,0.076995134
b05_numeric_distortion,Evaluate the short factual answer below for the given knowledge item.,numeric_distortion,truthful_b05_numeric_distortion,hallucinated_b05_numeric_distortion,Claim: Day and night alternate because Earth rotates on its axis. Supporting note: The cycle repeats over roughly twenty-four hours.,Claim: Day and night alternate because Earth rotates on its axis every twelve hours. Supporting note: The cycle repeats over roughly twenty-four hours.,0.14168234169483185,b05,-0.035740938,-0.00078454596,-0.01092541
b05_role_inversion,Evaluate the short factual answer below for the given knowledge item.,role_inversion,truthful_b05_role_inversion,hallucinated_b05_role_inversion,Claim: Day and night alternate because Earth rotates on its axis. Supporting note: The cycle repeats over roughly twenty-four hours.,Claim: Earth rotates because day and night alternate rather than day and night alternating because Earth rotates. Supporting note: The cycle repeats over roughly twenty-four hours.,0.47352680563926697,b05,0.10895304,0.09000264,-0.07086968
b06_causal_substitution,Evaluate the short factual answer below for the given knowledge item.,causal_substitution,truthful_b06_causal_substitution,hallucinated_b06_causal_substitution,Claim: Jane Austen wrote Pride and Prejudice. Supporting note: The novel is a standard work in English literature courses.,Claim: Jane Austen wrote Pride and Prejudice because the title was assigned to her by a royal court. Supporting note: The novel is a standard work in English literature courses.,0.5603975057601929,b06,-0.040501542,0.2191821,-0.17222571
b06_definition_substitution,Evaluate the short factual answer below for the given knowledge item.,definition_substitution,truthful_b06_definition_substitution,hallucinated_b06_definition_substitution,Claim: Jane Austen wrote Pride and Prejudice. Supporting note: The novel is a standard work in English literature courses.,Claim: Jane Austen translated Pride and Prejudice. Supporting note: The novel is a standard work in English literature courses.,0.6839460730552673,b06,-0.04614126,-0.25641036,0.04213633
b06_entity_swap,Evaluate the short factual answer below for the given knowledge item.,entity_swap,truthful_b06_entity_swap,hallucinated_b06_entity_swap,Claim: Jane Austen wrote Pride and Prejudice. Supporting note: The novel is a standard work in English literature courses.,Claim: Charlotte Bronte wrote Pride and Prejudice. Supporting note: The novel is a standard work in English literature courses.,0.36970776319503784,b06,-0.09755518,0.0114625385,0.0064886166
b06_numeric_distortion,Evaluate the short factual answer below for the given knowledge item.,numeric_distortion,truthful_b06_numeric_distortion,hallucinated_b06_numeric_distortion,Claim: Jane Austen wrote Pride and Prejudice. Supporting note: The novel is a standard work in English literature courses.,Claim: Jane Austen wrote the three-volume poem Pride and Prejudice. Supporting note: The novel is a standard work in English literature courses.,0.4669516682624817,b06,-0.14905581,0.0093216635,0.0661765
b06_role_inversion,Evaluate the short factual answer below for the given knowledge item.,role_inversion,truthful_b06_role_inversion,hallucinated_b06_role_inversion,Claim: Jane Austen wrote Pride and Prejudice. Supporting note: The novel is a standard work in English literature courses.,Claim: Pride and Prejudice wrote Jane Austen rather than Jane Austen writing Pride and Prejudice. Supporting note: The novel is a standard work in English literature courses.,0.6821163892745972,b06,0.3332537,0.01644401,0.057424255
b07_causal_substitution,Evaluate the short factual answer below for the given knowledge item.,causal_substitution,truthful_b07_causal_substitution,hallucinated_b07_causal_substitution,Claim: The mantle is the layer directly beneath Earth's crust. Supporting note: It is made largely of hot rock over geological timescales.,Claim: The mantle is the layer directly beneath Earth's crust because sunlight pushes it downward. Supporting note: It is made largely of hot rock over geological timescales.,0.23953384160995483,b07,-0.015975997,0.057166632,-0.016195862
b07_definition_substitution,Evaluate the short factual answer below for the given knowledge item.,definition_substitution,truthful_b07_definition_substitution,hallucinated_b07_definition_substitution,Claim: The mantle is the layer directly beneath Earth's crust. Supporting note: It is made largely of hot rock over geological timescales.,Claim: The mantle is the atmosphere directly beneath Earth's crust. Supporting note: It is made largely of hot rock over geological timescales.,0.3985949456691742,b07,-0.024441361,-0.02993581,0.00953287
b07_entity_swap,Evaluate the short factual answer below for the given knowledge item.,entity_swap,truthful_b07_entity_swap,hallucinated_b07_entity_swap,Claim: The mantle is the layer directly beneath Earth's crust. Supporting note: It is made largely of hot rock over geological timescales.,Claim: The core is the layer directly beneath Earth's crust. Supporting note: It is made largely of hot rock over geological timescales.,0.651865541934967,b07,-0.049238946,-0.057219822,-0.09183318
b07_numeric_distortion,Evaluate the short factual answer below for the given knowledge item.,numeric_distortion,truthful_b07_numeric_distortion,hallucinated_b07_numeric_distortion,Claim: The mantle is the layer directly beneath Earth's crust. Supporting note: It is made largely of hot rock over geological timescales.,Claim: The mantle is the second layer directly beneath Earth's crust. Supporting note: It is made largely of hot rock over geological timescales.,0.3570222556591034,b07,-0.071244046,-0.005901935,0.11384847
b07_role_inversion,Evaluate the short factual answer below for the given knowledge item.,role_inversion,truthful_b07_role_inversion,hallucinated_b07_role_inversion,Claim: The mantle is the layer directly beneath Earth's crust. Supporting note: It is made largely of hot rock over geological timescales.,Claim: Earth's crust is the layer directly beneath the mantle rather than the mantle being directly beneath the crust. Supporting note: It is made largely of hot rock over geological timescales.,0.4388052523136139,b07,0.16090037,0.03589099,-0.01535233
b08_causal_substitution,Evaluate the short factual answer below for the given knowledge item.,causal_substitution,truthful_b08_causal_substitution,hallucinated_b08_causal_substitution,Claim: A thermometer measures body temperature. Supporting note: Clinicians use it when checking for fever.,Claim: A thermometer measures body temperature because it listens to the heartbeat. Supporting note: Clinicians use it when checking for fever.,0.28552642464637756,b08,-0.018001836,0.1446294,-0.05712655
b08_definition_substitution,Evaluate the short factual answer below for the given knowledge item.,definition_substitution,truthful_b08_definition_substitution,hallucinated_b08_definition_substitution,Claim: A thermometer measures body temperature. Supporting note: Clinicians use it when checking for fever.,Claim: A thermometer is a treatment for body temperature. Supporting note: Clinicians use it when checking for fever.,0.4514749348163605,b08,-0.03652285,-0.08887463,-0.031582985
b08_entity_swap,Evaluate the short factual answer below for the given knowledge item.,entity_swap,truthful_b08_entity_swap,hallucinated_b08_entity_swap,Claim: A thermometer measures body temperature. Supporting note: Clinicians use it when checking for fever.,Claim: A stethoscope measures body temperature. Supporting note: Clinicians use it when checking for fever.,0.5668410658836365,b08,-0.056078214,-0.0021914896,0.16952622
b08_numeric_distortion,Evaluate the short factual answer below for the given knowledge item.,numeric_distortion,truthful_b08_numeric_distortion,hallucinated_b08_numeric_distortion,Claim: A thermometer measures body temperature. Supporting note: Clinicians use it when checking for fever.,Claim: A thermometer measures the body's ten-point temperature scale. Supporting note: Clinicians use it when checking for fever.,0.39025089144706726,b08,-0.055195242,-0.05133525,-0.07796754
b08_role_inversion,Evaluate the short factual answer below for the given knowledge item.,role_inversion,truthful_b08_role_inversion,hallucinated_b08_role_inversion,Claim: A thermometer measures body temperature. Supporting note: Clinicians use it when checking for fever.,Claim: Body temperature measures a thermometer rather than a thermometer measuring body temperature. Supporting note: Clinicians use it when checking for fever.,0.42234161496162415,b08,0.165798,-0.0022279427,-0.0028491288
b09_causal_substitution,Evaluate the short factual answer below for the given knowledge item.,causal_substitution,truthful_b09_causal_substitution,hallucinated_b09_causal_substitution,Claim: The Bill of Rights contains ten amendments. Supporting note: These amendments protect a set of foundational civil liberties.,Claim: The Bill of Rights contains ten amendments because the Supreme Court rewrites them daily. Supporting note: These amendments protect a set of foundational civil liberties.,0.3555566668510437,b09,-0.045710176,0.07153603,-0.029152598
b09_definition_substitution,Evaluate the short factual answer below for the given knowledge item.,definition_substitution,truthful_b09_definition_substitution,hallucinated_b09_definition_substitution,Claim: The Bill of Rights contains ten amendments. Supporting note: These amendments protect a set of foundational civil liberties.,Claim: The Bill of Rights contains ten court rulings. Supporting note: These amendments protect a set of foundational civil liberties.,0.4965123236179352,b09,-0.056453988,0.01072226,0.036614098
b09_entity_swap,Evaluate the short factual answer below for the given knowledge item.,entity_swap,truthful_b09_entity_swap,hallucinated_b09_entity_swap,Claim: The Bill of Rights contains ten amendments. Supporting note: These amendments protect a set of foundational civil liberties.,Claim: The Constitution contains ten amendments. Supporting note: These amendments protect a set of foundational civil liberties.,0.39762845635414124,b09,-0.06400929,-0.07398034,-0.07364748
b09_numeric_distortion,Evaluate the short factual answer below for the given knowledge item.,numeric_distortion,truthful_b09_numeric_distortion,hallucinated_b09_numeric_distortion,Claim: The Bill of Rights contains ten amendments. Supporting note: These amendments protect a set of foundational civil liberties.,Claim: The Bill of Rights contains twelve amendments. Supporting note: These amendments protect a set of foundational civil liberties.,0.2927588224411011,b09,-0.10596784,0.028780052,0.06184323
b09_role_inversion,Evaluate the short factual answer below for the given knowledge item.,role_inversion,truthful_b09_role_inversion,hallucinated_b09_role_inversion,Claim: The Bill of Rights contains ten amendments. Supporting note: These amendments protect a set of foundational civil liberties.,Claim: Ten amendments contain the Bill of Rights rather than the Bill of Rights containing ten amendments. Supporting note: These amendments protect a set of foundational civil liberties.,0.5468801259994507,b09,0.27214113,-0.03705798,0.004342748
b10_causal_substitution,Evaluate the short factual answer below for the given knowledge item.,causal_substitution,truthful_b10_causal_substitution,hallucinated_b10_causal_substitution,Claim: An antonym is a word with an opposite meaning. Supporting note: This concept is taught in basic vocabulary study.,Claim: An antonym is a word with an opposite meaning because opposite words always rhyme. Supporting note: This concept is taught in basic vocabulary study.,0.4339550733566284,b10,-0.037087042,0.09542913,0.009887661
b10_definition_substitution,Evaluate the short factual answer below for the given knowledge item.,definition_substitution,truthful_b10_definition_substitution,hallucinated_b10_definition_substitution,Claim: An antonym is a word with an opposite meaning. Supporting note: This concept is taught in basic vocabulary study.,Claim: An antonym is a sentence with an opposite meaning. Supporting note: This concept is taught in basic vocabulary study.,0.3356630504131317,b10,0.018065223,-0.013246733,-0.0047187153
b10_entity_swap,Evaluate the short factual answer below for the given knowledge item.,entity_swap,truthful_b10_entity_swap,hallucinated_b10_entity_swap,Claim: An antonym is a word with an opposite meaning. Supporting note: This concept is taught in basic vocabulary study.,Claim: A synonym is a word with an opposite meaning. Supporting note: This concept is taught in basic vocabulary study.,0.633307158946991,b10,0.0061509823,-0.030918572,-0.08519342
b10_numeric_distortion,Evaluate the short factual answer below for the given knowledge item.,numeric_distortion,truthful_b10_numeric_distortion,hallucinated_b10_numeric_distortion,Claim: An antonym is a word with an opposite meaning. Supporting note: This concept is taught in basic vocabulary study.,Claim: An antonym is a word with two opposite meanings at once. Supporting note: This concept is taught in basic vocabulary study.,0.3355739712715149,b10,-0.05785299,-0.046185426,0.07307544
b10_role_inversion,Evaluate the short factual answer below for the given knowledge item.,role_inversion,truthful_b10_role_inversion,hallucinated_b10_role_inversion,Claim: An antonym is a word with an opposite meaning. Supporting note: This concept is taught in basic vocabulary study.,Claim: An opposite meaning is a word with an antonym rather than an antonym being a word with an opposite meaning. Supporting note: This concept is taught in basic vocabulary study.,0.3661818504333496,b10,0.07072379,-0.00507842,0.006949032
b11_causal_substitution,Evaluate the short factual answer below for the given knowledge item.,causal_substitution,truthful_b11_causal_substitution,hallucinated_b11_causal_substitution,Claim: A triangle has three sides. Supporting note: This is one of the most basic geometric definitions.,Claim: A triangle has three sides because parallel lines force it to close that way. Supporting note: This is one of the most basic geometric definitions.,0.5501563549041748,b11,-0.15647641,0.22654419,-0.04155417
b11_definition_substitution,Evaluate the short factual answer below for the given knowledge item.,definition_substitution,truthful_b11_definition_substitution,hallucinated_b11_definition_substitution,Claim: A triangle has three sides. Supporting note: This is one of the most basic geometric definitions.,Claim: A triangle is a curve with three sides. Supporting note: This is one of the most basic geometric definitions.,0.49276867508888245,b11,-0.099571556,-0.0025185558,-0.01991223
b11_entity_swap,Evaluate the short factual answer below for the given knowledge item.,entity_swap,truthful_b11_entity_swap,hallucinated_b11_entity_swap,Claim: A triangle has three sides. Supporting note: This is one of the most basic geometric definitions.,Claim: A square has three sides. Supporting note: This is one of the most basic geometric definitions.,0.6712357997894287,b11,-0.05618317,-0.1411593,0.02836943
b11_numeric_distortion,Evaluate the short factual answer below for the given knowledge item.,numeric_distortion,truthful_b11_numeric_distortion,hallucinated_b11_numeric_distortion,Claim: A triangle has three sides. Supporting note: This is one of the most basic geometric definitions.,Claim: A triangle has four sides. Supporting note: This is one of the most basic geometric definitions.,0.3792547583580017,b11,-0.06683398,-0.055872466,-0.015362062
b11_role_inversion,Evaluate the short factual answer below for the given knowledge item.,role_inversion,truthful_b11_role_inversion,hallucinated_b11_role_inversion,Claim: A triangle has three sides. Supporting note: This is one of the most basic geometric definitions.,Claim: Three sides have a triangle rather than a triangle having three sides. Supporting note: This is one of the most basic geometric definitions.,0.6606890559196472,b11,0.37906513,-0.026993811,0.048458997
b12_causal_substitution,Evaluate the short factual answer below for the given knowledge item.,causal_substitution,truthful_b12_causal_substitution,hallucinated_b12_causal_substitution,Claim: A standard violin has four strings. Supporting note: The instrument is commonly tuned in fifths.,Claim: A standard violin has four strings because the wood grain grows in quarters. Supporting note: The instrument is commonly tuned in fifths.,0.3012142777442932,b12,-0.02218256,0.051486835,-0.024592265
b12_definition_substitution,Evaluate the short factual answer below for the given knowledge item.,definition_substitution,truthful_b12_definition_substitution,hallucinated_b12_definition_substitution,Claim: A standard violin has four strings. Supporting note: The instrument is commonly tuned in fifths.,Claim: A standard violin has four keys. Supporting note: The instrument is commonly tuned in fifths.,0.5807474255561829,b12,-0.069417536,0.014455761,0.031543285
b12_entity_swap,Evaluate the short factual answer below for the given knowledge item.,entity_swap,truthful_b12_entity_swap,hallucinated_b12_entity_swap,Claim: A standard violin has four strings. Supporting note: The instrument is commonly tuned in fifths.,Claim: A standard cello has four strings. Supporting note: The instrument is commonly tuned in fifths.,0.5580068826675415,b12,-0.06618508,-0.014244534,-0.010561174
b12_numeric_distortion,Evaluate the short factual answer below for the given knowledge item.,numeric_distortion,truthful_b12_numeric_distortion,hallucinated_b12_numeric_distortion,Claim: A standard violin has four strings. Supporting note: The instrument is commonly tuned in fifths.,Claim: A standard violin has five strings. Supporting note: The instrument is commonly tuned in fifths.,0.24223478138446808,b12,-0.041121583,-0.024291927,-0.016232364
b12_role_inversion,Evaluate the short factual answer below for the given knowledge item.,role_inversion,truthful_b12_role_inversion,hallucinated_b12_role_inversion,Claim: A standard violin has four strings. Supporting note: The instrument is commonly tuned in fifths.,Claim: Four strings have a standard violin rather than a standard violin having four strings. Supporting note: The instrument is commonly tuned in fifths.,0.4153369069099426,b12,0.19890676,-0.027406115,0.019842545
b13_causal_substitution,Evaluate the short factual answer below for the given knowledge item.,causal_substitution,truthful_b13_causal_substitution,hallucinated_b13_causal_substitution,Claim: Binary uses the digits 0 and 1. Supporting note: This representation underlies digital computation.,Claim: Binary uses the digits 0 and 1 because processors can only display two colors. Supporting note: This representation underlies digital computation.,0.3759727478027344,b13,-0.041039146,0.11374737,-0.015881987
b13_definition_substitution,Evaluate the short factual answer below for the given knowledge item.,definition_substitution,truthful_b13_definition_substitution,hallucinated_b13_definition_substitution,Claim: Binary uses the digits 0 and 1. Supporting note: This representation underlies digital computation.,Claim: Binary uses the letters 0 and 1. Supporting note: This representation underlies digital computation.,0.36038318276405334,b13,-0.003246572,0.049367428,0.032577045
b13_entity_swap,Evaluate the short factual answer below for the given knowledge item.,entity_swap,truthful_b13_entity_swap,hallucinated_b13_entity_swap,Claim: Binary uses the digits 0 and 1. Supporting note: This representation underlies digital computation.,Claim: Decimal uses the digits 0 and 1. Supporting note: This representation underlies digital computation.,0.74888014793396,b13,-0.01264878,-0.23425016,-0.091738306
b13_numeric_distortion,Evaluate the short factual answer below for the given knowledge item.,numeric_distortion,truthful_b13_numeric_distortion,hallucinated_b13_numeric_distortion,Claim: Binary uses the digits 0 and 1. Supporting note: This representation underlies digital computation.,"Claim: Binary uses the digits 0, 1, and 2. Supporting note: This representation underlies digital computation.",0.12947571277618408,b13,-0.084886886,0.035400484,0.050554466
b13_role_inversion,Evaluate the short factual answer below for the given knowledge item.,role_inversion,truthful_b13_role_inversion,hallucinated_b13_role_inversion,Claim: Binary uses the digits 0 and 1. Supporting note: This representation underlies digital computation.,Claim: The digits 0 and 1 use binary rather than binary using the digits 0 and 1. Supporting note: This representation underlies digital computation.,0.43415555357933044,b13,0.14182143,0.035734948,0.024488583
b14_causal_substitution,Evaluate the short factual answer below for the given knowledge item.,causal_substitution,truthful_b14_causal_substitution,hallucinated_b14_causal_substitution,Claim: Inflation refers to a sustained rise in the general price level. Supporting note: It reduces purchasing power when wages do not keep up.,Claim: Inflation refers to a sustained rise in the general price level because coins become physically larger. Supporting note: It reduces purchasing power when wages do not keep up.,0.3520808815956116,b14,-0.042570166,-0.022822186,-0.077645436
b14_definition_substitution,Evaluate the short factual answer below for the given knowledge item.,definition_substitution,truthful_b14_definition_substitution,hallucinated_b14_definition_substitution,Claim: Inflation refers to a sustained rise in the general price level. Supporting note: It reduces purchasing power when wages do not keep up.,Claim: Inflation refers to a sustained rise in the general employment level. Supporting note: It reduces purchasing power when wages do not keep up.,0.28900855779647827,b14,-0.0120991245,-0.06262419,-0.0036409097
b14_entity_swap,Evaluate the short factual answer below for the given knowledge item.,entity_swap,truthful_b14_entity_swap,hallucinated_b14_entity_swap,Claim: Inflation refers to a sustained rise in the general price level. Supporting note: It reduces purchasing power when wages do not keep up.,Claim: Deflation refers to a sustained rise in the general price level. Supporting note: It reduces purchasing power when wages do not keep up.,0.5191300511360168,b14,-0.016810557,-0.06684749,0.01747269
b14_numeric_distortion,Evaluate the short factual answer below for the given knowledge item.,numeric_distortion,truthful_b14_numeric_distortion,hallucinated_b14_numeric_distortion,Claim: Inflation refers to a sustained rise in the general price level. Supporting note: It reduces purchasing power when wages do not keep up.,Claim: Inflation refers to a sustained tenfold rise in the general price level. Supporting note: It reduces purchasing power when wages do not keep up.,0.3337961733341217,b14,-0.03713317,-0.10646715,-0.045851104
b14_role_inversion,Evaluate the short factual answer below for the given knowledge item.,role_inversion,truthful_b14_role_inversion,hallucinated_b14_role_inversion,Claim: Inflation refers to a sustained rise in the general price level. Supporting note: It reduces purchasing power when wages do not keep up.,Claim: The general price level refers to inflation rather than inflation referring to the price level trend. Supporting note: It reduces purchasing power when wages do not keep up.,0.7097803950309753,b14,0.108613,0.25876102,0.10966483
b15_causal_substitution,Evaluate the short factual answer below for the given knowledge item.,causal_substitution,truthful_b15_causal_substitution,hallucinated_b15_causal_substitution,Claim: A standard basketball team has five players on the court at one time. Supporting note: Bench players are not counted in the live on-court lineup.,Claim: A standard basketball team has five players on the court because each hoop requires two defenders and a referee. Supporting note: Bench players are not counted in the live on-court lineup.,0.23682142794132233,b15,-0.030316325,0.04078436,-0.04973652
b15_definition_substitution,Evaluate the short factual answer below for the given knowledge item.,definition_substitution,truthful_b15_definition_substitution,hallucinated_b15_definition_substitution,Claim: A standard basketball team has five players on the court at one time. Supporting note: Bench players are not counted in the live on-court lineup.,Claim: A standard basketball team has five coaches on the court at one time. Supporting note: Bench players are not counted in the live on-court lineup.,0.6337524056434631,b15,-0.07279991,-0.01976028,0.10969648
b15_entity_swap,Evaluate the short factual answer below for the given knowledge item.,entity_swap,truthful_b15_entity_swap,hallucinated_b15_entity_swap,Claim: A standard basketball team has five players on the court at one time. Supporting note: Bench players are not counted in the live on-court lineup.,Claim: A standard soccer team has five players on the court at one time. Supporting note: Bench players are not counted in the live on-court lineup.,0.5585151314735413,b15,-0.057679288,-0.03936519,-0.018547067
b15_numeric_distortion,Evaluate the short factual answer below for the given knowledge item.,numeric_distortion,truthful_b15_numeric_distortion,hallucinated_b15_numeric_distortion,Claim: A standard basketball team has five players on the court at one time. Supporting note: Bench players are not counted in the live on-court lineup.,Claim: A standard basketball team has six players on the court at one time. Supporting note: Bench players are not counted in the live on-court lineup.,0.18234963715076447,b15,-0.051475663,0.023263698,-0.015170668
b15_role_inversion,Evaluate the short factual answer below for the given knowledge item.,role_inversion,truthful_b15_role_inversion,hallucinated_b15_role_inversion,Claim: A standard basketball team has five players on the court at one time. Supporting note: Bench players are not counted in the live on-court lineup.,Claim: Five players have a basketball court at one time rather than a basketball team having five players on the court. Supporting note: Bench players are not counted in the live on-court lineup.,0.5593881011009216,b15,0.212271,-0.0049226163,-0.026242247
b16_causal_substitution,Evaluate the short factual answer below for the given knowledge item.,causal_substitution,truthful_b16_causal_substitution,hallucinated_b16_causal_substitution,Claim: Vaccines help the immune system recognize pathogens in advance. Supporting note: This can improve protection during later exposure.,Claim: Vaccines help the immune system recognize pathogens in advance because they trap germs behind a permanent barrier. Supporting note: This can improve protection during later exposure.,0.2837073802947998,b16,-0.042802937,0.045843404,-0.07819316
b16_definition_substitution,Evaluate the short factual answer below for the given knowledge item.,definition_substitution,truthful_b16_definition_substitution,hallucinated_b16_definition_substitution,Claim: Vaccines help the immune system recognize pathogens in advance. Supporting note: This can improve protection during later exposure.,Claim: Vaccines help the digestive system recognize pathogens in advance. Supporting note: This can improve protection during later exposure.,0.42661863565444946,b16,-0.032162823,-0.00682747,-0.025129411
b16_entity_swap,Evaluate the short factual answer below for the given knowledge item.,entity_swap,truthful_b16_entity_swap,hallucinated_b16_entity_swap,Claim: Vaccines help the immune system recognize pathogens in advance. Supporting note: This can improve protection during later exposure.,Claim: Antibiotics help the immune system recognize pathogens in advance. Supporting note: This can improve protection during later exposure.,0.7244158983230591,b16,-0.038287695,-0.008767799,0.11002308
b16_numeric_distortion,Evaluate the short factual answer below for the given knowledge item.,numeric_distortion,truthful_b16_numeric_distortion,hallucinated_b16_numeric_distortion,Claim: Vaccines help the immune system recognize pathogens in advance. Supporting note: This can improve protection during later exposure.,Claim: Vaccines help the immune system recognize ten pathogens in advance. Supporting note: This can improve protection during later exposure.,0.27844730019569397,b16,-0.053423837,-0.054766223,-0.038739797
b16_role_inversion,Evaluate the short factual answer below for the given knowledge item.,role_inversion,truthful_b16_role_inversion,hallucinated_b16_role_inversion,Claim: Vaccines help the immune system recognize pathogens in advance. Supporting note: This can improve protection during later exposure.,Claim: Pathogens help vaccines recognize the immune system in advance rather than vaccines helping the immune system recognize pathogens. Supporting note: This can improve protection during later exposure.,0.4624004662036896,b16,0.16667728,0.024518097,0.032039348
b17_causal_substitution,Evaluate the short factual answer below for the given knowledge item.,causal_substitution,truthful_b17_causal_substitution,hallucinated_b17_causal_substitution,Claim: A legislature is the branch of government that makes laws. Supporting note: Different systems organize it in different ways.,Claim: A legislature is the branch of government that makes laws because courthouses print them overnight. Supporting note: Different systems organize it in different ways.,0.27433082461357117,b17,0.0054565812,0.078539096,-0.02630715
b17_definition_substitution,Evaluate the short factual answer below for the given knowledge item.,definition_substitution,truthful_b17_definition_substitution,hallucinated_b17_definition_substitution,Claim: A legislature is the branch of government that makes laws. Supporting note: Different systems organize it in different ways.,Claim: A legislature is the branch of government that enforces laws. Supporting note: Different systems organize it in different ways.,0.278534471988678,b17,-0.034132414,-0.025813125,0.0001425996
b17_entity_swap,Evaluate the short factual answer below for the given knowledge item.,entity_swap,truthful_b17_entity_swap,hallucinated_b17_entity_swap,Claim: A legislature is the branch of government that makes laws. Supporting note: Different systems organize it in different ways.,Claim: A judiciary is the branch of government that makes laws. Supporting note: Different systems organize it in different ways.,0.607171356678009,b17,-0.010908718,-0.14205821,-0.08074607
b17_numeric_distortion,Evaluate the short factual answer below for the given knowledge item.,numeric_distortion,truthful_b17_numeric_distortion,hallucinated_b17_numeric_distortion,Claim: A legislature is the branch of government that makes laws. Supporting note: Different systems organize it in different ways.,Claim: A legislature is the branch of government that makes three laws. Supporting note: Different systems organize it in different ways.,0.3884911835193634,b17,-0.10039454,0.036952984,0.09703062
b17_role_inversion,Evaluate the short factual answer below for the given knowledge item.,role_inversion,truthful_b17_role_inversion,hallucinated_b17_role_inversion,Claim: A legislature is the branch of government that makes laws. Supporting note: Different systems organize it in different ways.,Claim: Laws are the branch of government that make a legislature rather than a legislature making laws. Supporting note: Different systems organize it in different ways.,0.473306804895401,b17,0.13997915,0.052379224,0.009880004
b18_causal_substitution,Evaluate the short factual answer below for the given knowledge item.,causal_substitution,truthful_b18_causal_substitution,hallucinated_b18_causal_substitution,Claim: A barometer measures atmospheric pressure. Supporting note: Weather forecasters use it to monitor changing systems.,Claim: A barometer measures atmospheric pressure because clouds push numbers into the dial. Supporting note: Weather forecasters use it to monitor changing systems.,0.3279561698436737,b18,-0.055421036,0.08588105,-0.032893244
b18_definition_substitution,Evaluate the short factual answer below for the given knowledge item.,definition_substitution,truthful_b18_definition_substitution,hallucinated_b18_definition_substitution,Claim: A barometer measures atmospheric pressure. Supporting note: Weather forecasters use it to monitor changing systems.,Claim: A barometer measures atmospheric temperature. Supporting note: Weather forecasters use it to monitor changing systems.,0.41860634088516235,b18,-0.012151272,-0.08301693,0.0039623594
b18_entity_swap,Evaluate the short factual answer below for the given knowledge item.,entity_swap,truthful_b18_entity_swap,hallucinated_b18_entity_swap,Claim: A barometer measures atmospheric pressure. Supporting note: Weather forecasters use it to monitor changing systems.,Claim: A thermometer measures atmospheric pressure. Supporting note: Weather forecasters use it to monitor changing systems.,0.4945642352104187,b18,-0.027211122,-0.048071433,-0.033442203
b18_numeric_distortion,Evaluate the short factual answer below for the given knowledge item.,numeric_distortion,truthful_b18_numeric_distortion,hallucinated_b18_numeric_distortion,Claim: A barometer measures atmospheric pressure. Supporting note: Weather forecasters use it to monitor changing systems.,Claim: A barometer measures atmospheric pressure in two fixed levels. Supporting note: Weather forecasters use it to monitor changing systems.,0.306837260723114,b18,-0.060229946,-0.011934788,0.06390939
b18_role_inversion,Evaluate the short factual answer below for the given knowledge item.,role_inversion,truthful_b18_role_inversion,hallucinated_b18_role_inversion,Claim: A barometer measures atmospheric pressure. Supporting note: Weather forecasters use it to monitor changing systems.,Claim: Atmospheric pressure measures a barometer rather than a barometer measuring atmospheric pressure. Supporting note: Weather forecasters use it to monitor changing systems.,0.4639880359172821,b18,0.15501334,0.057142086,-0.0015363427
b19_causal_substitution,Evaluate the short factual answer below for the given knowledge item.,causal_substitution,truthful_b19_causal_substitution,hallucinated_b19_causal_substitution,Claim: A pronoun can replace a noun in a sentence. Supporting note: This helps reduce repetition in ordinary writing.,Claim: A pronoun can replace a noun in a sentence because it always adds a second verb. Supporting note: This helps reduce repetition in ordinary writing.,0.3084132969379425,b19,-0.051416643,0.06697557,0.074952036
b19_definition_substitution,Evaluate the short factual answer below for the given knowledge item.,definition_substitution,truthful_b19_definition_substitution,hallucinated_b19_definition_substitution,Claim: A pronoun can replace a noun in a sentence. Supporting note: This helps reduce repetition in ordinary writing.,Claim: A pronoun can replace punctuation in a sentence. Supporting note: This helps reduce repetition in ordinary writing.,0.5578296184539795,b19,-0.1087827,-0.020123422,0.06338626
b19_entity_swap,Evaluate the short factual answer below for the given knowledge item.,entity_swap,truthful_b19_entity_swap,hallucinated_b19_entity_swap,Claim: A pronoun can replace a noun in a sentence. Supporting note: This helps reduce repetition in ordinary writing.,Claim: An adjective can replace a noun in a sentence. Supporting note: This helps reduce repetition in ordinary writing.,0.6853160262107849,b19,0.090060286,-0.10059982,-0.21591702
b19_numeric_distortion,Evaluate the short factual answer below for the given knowledge item.,numeric_distortion,truthful_b19_numeric_distortion,hallucinated_b19_numeric_distortion,Claim: A pronoun can replace a noun in a sentence. Supporting note: This helps reduce repetition in ordinary writing.,Claim: A pronoun can replace two nouns in every sentence. Supporting note: This helps reduce repetition in ordinary writing.,0.4572317898273468,b19,-0.11623053,0.049012348,0.112760894
b19_role_inversion,Evaluate the short factual answer below for the given knowledge item.,role_inversion,truthful_b19_role_inversion,hallucinated_b19_role_inversion,Claim: A pronoun can replace a noun in a sentence. Supporting note: This helps reduce repetition in ordinary writing.,Claim: A noun can replace a pronoun in a sentence rather than a pronoun replacing a noun. Supporting note: This helps reduce repetition in ordinary writing.,0.36528095602989197,b19,0.18636966,0.004735194,-0.035182115
b20_causal_substitution,Evaluate the short factual answer below for the given knowledge item.,causal_substitution,truthful_b20_causal_substitution,hallucinated_b20_causal_substitution,Claim: Airplanes fly because wings generate lift as air moves around them. Supporting note: Engine thrust and wing shape both matter in normal flight.,Claim: Airplanes fly because engines directly cancel gravity rather than enabling aerodynamic lift. Supporting note: Engine thrust and wing shape both matter in normal flight.,0.44888949394226074,b20,0.0008164339,0.018763656,-0.11013803
b20_definition_substitution,Evaluate the short factual answer below for the given knowledge item.,definition_substitution,truthful_b20_definition_substitution,hallucinated_b20_definition_substitution,Claim: Airplanes fly because wings generate lift as air moves around them. Supporting note: Engine thrust and wing shape both matter in normal flight.,Claim: Airplanes fly because wheels generate lift as air moves around them. Supporting note: Engine thrust and wing shape both matter in normal flight.,0.4879135191440582,b20,-0.03245651,0.034258846,-0.19153969
b20_entity_swap,Evaluate the short factual answer below for the given knowledge item.,entity_swap,truthful_b20_entity_swap,hallucinated_b20_entity_swap,Claim: Airplanes fly because wings generate lift as air moves around them. Supporting note: Engine thrust and wing shape both matter in normal flight.,Claim: Helicopters fly because wings generate lift as air moves around them. Supporting note: Engine thrust and wing shape both matter in normal flight.,0.7883887887001038,b20,0.025374155,0.08355303,0.3003126
b20_numeric_distortion,Evaluate the short factual answer below for the given knowledge item.,numeric_distortion,truthful_b20_numeric_distortion,hallucinated_b20_numeric_distortion,Claim: Airplanes fly because wings generate lift as air moves around them. Supporting note: Engine thrust and wing shape both matter in normal flight.,Claim: Airplanes fly because wings generate five units of lift as air moves around them. Supporting note: Engine thrust and wing shape both matter in normal flight.,0.4375762641429901,b20,-0.10760906,-0.0022851734,-0.112173885
b20_role_inversion,Evaluate the short factual answer below for the given knowledge item.,role_inversion,truthful_b20_role_inversion,hallucinated_b20_role_inversion,Claim: Airplanes fly because wings generate lift as air moves around them. Supporting note: Engine thrust and wing shape both matter in normal flight.,Claim: Lift generates airplane wings as air moves around them rather than wings generating lift. Supporting note: Engine thrust and wing shape both matter in normal flight.,0.6839357614517212,b20,0.11387502,-0.13429072,0.11353923
