row_index,pair_id,base_id,topic,error_family,scope,neighbor_pool_size,same_family_neighbor_count,other_family_neighbor_count,source_anchor_norm,target_anchor_norm,steering_direction_norm,delta_norm_before,delta_norm_after,cosine_before_after,baseline_prediction,steered_prediction,prediction_changed,baseline_own_probability,steered_own_probability,own_probability_delta
0,b01_causal_substitution,b01,astronomy,causal_substitution,knn_local,15,9,6,0.13285203278064728,0.14174962043762207,0.2026713490486145,0.36667439341545105,0.36148297786712646,0.9129432439804077,causal_substitution,entity_swap,True,0.3169891485727192,0.2215155941854675,-0.09547355438725169
1,b01_definition_substitution,b01,astronomy,definition_substitution,knn_local,15,1,14,0.33141782879829407,0.11522150784730911,0.3466912508010864,0.270734578371048,0.3608523905277252,0.6955410242080688,definition_substitution,role_inversion,True,0.24346016566544557,0.21655021566044272,-0.026909950005002847
2,b01_entity_swap,b01,astronomy,entity_swap,knn_local,15,12,3,0.1587606519460678,0.23283962905406952,0.2841514050960541,0.5277799367904663,0.5482274889945984,0.9222390651702881,entity_swap,role_inversion,True,0.31517428317121143,0.21927029442097487,-0.09590398875023656
3,b01_numeric_distortion,b01,astronomy,numeric_distortion,knn_local,15,4,11,0.13855457305908203,0.09171944111585617,0.17806196212768555,0.2698119580745697,0.2680533528327942,0.876724123954773,numeric_distortion,role_inversion,True,0.2991315627632192,0.21364052517902557,-0.08549103758419366
4,b01_role_inversion,b01,astronomy,role_inversion,knn_local,15,3,12,0.2457737773656845,0.0861506536602974,0.27484387159347534,0.25513020157814026,0.2988150417804718,0.7338395714759827,role_inversion,definition_substitution,True,0.2800095769755168,0.13705467894409587,-0.14295489803142095
5,b02_causal_substitution,b02,biology,causal_substitution,knn_local,15,5,10,0.1381693333387375,0.0944967269897461,0.18324223160743713,0.26804810762405396,0.27565041184425354,0.8725788593292236,causal_substitution,numeric_distortion,True,0.2627931599172418,0.19270258860972586,-0.07009057130751592
6,b02_definition_substitution,b02,biology,definition_substitution,knn_local,15,3,12,0.1821957230567932,0.09242833405733109,0.20613700151443481,0.2897149920463562,0.3252947926521301,0.8799054622650146,definition_substitution,role_inversion,True,0.24952662584739632,0.19585328910257338,-0.05367333674482294
7,b02_entity_swap,b02,biology,entity_swap,knn_local,15,2,13,0.32577210664749146,0.10022193193435669,0.34921422600746155,0.4955044090747833,0.5897394418716431,0.897821307182312,entity_swap,entity_swap,False,0.2878500260997466,0.2277242313322316,-0.06012579476751498
8,b02_numeric_distortion,b02,biology,numeric_distortion,knn_local,15,15,0,0.11118313670158386,0.024003006517887115,0.13069406151771545,0.32730939984321594,0.29918211698532104,0.9549813270568848,numeric_distortion,numeric_distortion,False,0.3237922526500174,0.2342177455372895,-0.08957450711272788
9,b02_role_inversion,b02,biology,role_inversion,knn_local,15,11,4,0.17680878937244415,0.15776892006397247,0.25873520970344543,0.47649314999580383,0.4512496888637543,0.9139169454574585,role_inversion,role_inversion,False,0.5231673212871525,0.27589760790826434,-0.24726971337888815
10,b03_causal_substitution,b03,chemistry,causal_substitution,knn_local,15,10,5,0.10547103732824326,0.15467646718025208,0.19924892485141754,0.24891412258148193,0.27217864990234375,0.8391852378845215,causal_substitution,role_inversion,True,0.2958752944566883,0.21891950209473882,-0.0769557923619495
11,b03_definition_substitution,b03,chemistry,definition_substitution,knn_local,15,5,10,0.12626756727695465,0.0951870009303093,0.1619490683078766,0.18313179910182953,0.19596558809280396,0.7967501282691956,definition_substitution,numeric_distortion,True,0.23586292990499141,0.20198127929517729,-0.03388165060981413
12,b03_entity_swap,b03,chemistry,entity_swap,knn_local,15,0,15,0.08277234435081482,0.07419060170650482,0.12861962616443634,0.2119440734386444,0.2071572095155716,0.8942901492118835,entity_swap,definition_substitution,True,0.25041717870530183,0.18348079861979405,-0.06693638008550779
13,b03_numeric_distortion,b03,chemistry,numeric_distortion,knn_local,15,3,12,0.17771056294441223,0.1500265896320343,0.2698260247707367,0.2062663584947586,0.23356828093528748,0.5827076435089111,numeric_distortion,role_inversion,True,0.27293456743256794,0.16611220605389573,-0.10682236137867221
14,b03_role_inversion,b03,chemistry,role_inversion,knn_local,15,10,5,0.18335843086242676,0.14365097880363464,0.2505200505256653,0.29187414050102234,0.26784613728523254,0.7779067754745483,role_inversion,causal_substitution,True,0.44150020514329863,0.22433761770523333,-0.2171625874380653
15,b04_causal_substitution,b04,geography,causal_substitution,knn_local,15,11,4,0.12312900274991989,0.1844494789838791,0.2239430844783783,0.3262704610824585,0.31740647554397583,0.8641802072525024,causal_substitution,causal_substitution,False,0.3445542379887242,0.2530442740976145,-0.09150996389110971
16,b04_definition_substitution,b04,geography,definition_substitution,knn_local,15,4,11,0.17882558703422546,0.11009779572486877,0.209092915058136,0.38085171580314636,0.403794527053833,0.9217545986175537,definition_substitution,definition_substitution,False,0.24971191284504066,0.21107950438049067,-0.03863240846454999
17,b04_entity_swap,b04,geography,entity_swap,knn_local,15,7,8,0.19905991852283478,0.11876263469457626,0.25631818175315857,0.456225723028183,0.4981100857257843,0.9225494265556335,entity_swap,role_inversion,True,0.2429713604828855,0.1750728415770179,-0.0678985189058676
18,b04_numeric_distortion,b04,geography,numeric_distortion,knn_local,15,6,9,0.12779496610164642,0.1155426949262619,0.18653504550457,0.28263968229293823,0.2722156345844269,0.8735120296478271,numeric_distortion,causal_substitution,True,0.31558586433610114,0.22696130326318084,-0.0886245610729203
19,b04_role_inversion,b04,geography,role_inversion,knn_local,15,12,3,0.17944225668907166,0.16627584397792816,0.24724815785884857,0.34432587027549744,0.33748477697372437,0.8522446155548096,role_inversion,role_inversion,False,0.4625487738368876,0.25363710429798086,-0.20891166953890672
20,b05_causal_substitution,b05,physics,causal_substitution,knn_local,15,9,6,0.122624970972538,0.1532130092382431,0.1959916651248932,0.3119766116142273,0.3551759123802185,0.9109214544296265,numeric_distortion,numeric_distortion,False,0.22537014522847343,0.15797386261902288,-0.06739628260945055
21,b05_definition_substitution,b05,physics,definition_substitution,knn_local,15,4,11,0.16055165231227875,0.11867456883192062,0.17411114275455475,0.2042396068572998,0.23629964888095856,0.8339868783950806,numeric_distortion,causal_substitution,True,0.2210674812359122,0.20283649830053319,-0.018230982935379003
22,b05_entity_swap,b05,physics,entity_swap,knn_local,15,9,6,0.21578390896320343,0.1508345752954483,0.2995932102203369,0.514161229133606,0.49976852536201477,0.902163028717041,entity_swap,entity_swap,False,0.38483480673688913,0.27061210032893174,-0.1142227064079574
23,b05_numeric_distortion,b05,physics,numeric_distortion,knn_local,15,1,14,0.32794567942619324,0.10734240710735321,0.3437557816505432,0.21431444585323334,0.3244955539703369,0.6093869805335999,numeric_distortion,role_inversion,True,0.21749798909664195,0.1508833848297096,-0.06661460426693236
24,b05_role_inversion,b05,physics,role_inversion,knn_local,15,7,8,0.22245143353939056,0.11656972020864487,0.28646373748779297,0.48320695757865906,0.49562710523605347,0.9039516448974609,role_inversion,causal_substitution,True,0.35656958848569226,0.14137859343269474,-0.21519099505299752
25,b06_causal_substitution,b06,literature,causal_substitution,knn_local,15,15,0,0.13165272772312164,0.021212439984083176,0.14915324747562408,0.5176212787628174,0.49837034940719604,0.976463794708252,causal_substitution,causal_substitution,False,0.4206023757612506,0.30324913835980044,-0.11735323740145015
26,b06_definition_substitution,b06,literature,definition_substitution,knn_local,15,1,14,0.27496761083602905,0.10022585839033127,0.29806506633758545,0.43724051117897034,0.46617892384529114,0.8794679045677185,definition_substitution,definition_substitution,False,0.301684128709329,0.26223809495148026,-0.03944603375784872
27,b06_entity_swap,b06,literature,entity_swap,knn_local,15,1,14,0.2758174240589142,0.11452607810497284,0.3053313195705414,0.384152889251709,0.428866982460022,0.8469172716140747,entity_swap,causal_substitution,True,0.23819866056410985,0.18874709239554743,-0.049451568168562415
28,b06_numeric_distortion,b06,literature,numeric_distortion,knn_local,15,1,14,0.31116968393325806,0.09216656535863876,0.32481735944747925,0.34777817130088806,0.40819528698921204,0.8038302659988403,numeric_distortion,causal_substitution,True,0.3054793812662457,0.19063091227611145,-0.11484846899013423
29,b06_role_inversion,b06,literature,role_inversion,knn_local,15,4,11,0.2694215178489685,0.10386266559362411,0.32791605591773987,0.45996901392936707,0.46701228618621826,0.8593289852142334,role_inversion,numeric_distortion,True,0.5063769557952461,0.22745157693743343,-0.27892537885781266
30,b07_causal_substitution,b07,earth_science,causal_substitution,knn_local,15,2,13,0.20302502810955048,0.10007818788290024,0.21260541677474976,0.2335406094789505,0.2724588215351105,0.8121098875999451,causal_substitution,entity_swap,True,0.25073656003985406,0.181719593972456,-0.06901696606739807
31,b07_definition_substitution,b07,earth_science,definition_substitution,knn_local,15,7,8,0.1374216377735138,0.1356818974018097,0.20215420424938202,0.3271982967853546,0.35279491543769836,0.9032689332962036,definition_substitution,role_inversion,True,0.2240112704908649,0.17399351403092994,-0.05001775645993495
32,b07_entity_swap,b07,earth_science,entity_swap,knn_local,15,13,2,0.1615159660577774,0.22139762341976166,0.270108163356781,0.5510199666023254,0.5773677229881287,0.9365928769111633,entity_swap,definition_substitution,True,0.2702527232631062,0.19596953431832428,-0.07428318894478189
33,b07_numeric_distortion,b07,earth_science,numeric_distortion,knn_local,15,14,1,0.13249342143535614,0.3643359839916229,0.35934963822364807,0.2683945298194885,0.3968450427055359,0.7364718317985535,numeric_distortion,role_inversion,True,0.2935215685133481,0.2743951350881218,-0.019126433425226297
34,b07_role_inversion,b07,earth_science,role_inversion,knn_local,15,6,9,0.2047858089208603,0.10666850209236145,0.2521405518054962,0.33918991684913635,0.3587973415851593,0.8546579480171204,role_inversion,definition_substitution,True,0.2821531670911353,0.1275100167413809,-0.1546431503497544
35,b08_causal_substitution,b08,public_health,causal_substitution,knn_local,15,4,11,0.1476161628961563,0.09617684036493301,0.1767544150352478,0.2587110698223114,0.27334684133529663,0.87726229429245,causal_substitution,numeric_distortion,True,0.2953834268011326,0.22838467631353013,-0.06699875048760248
36,b08_definition_substitution,b08,public_health,definition_substitution,knn_local,15,3,12,0.2151491940021515,0.10672561824321747,0.24287107586860657,0.33391129970550537,0.38611915707588196,0.8818960785865784,definition_substitution,entity_swap,True,0.23952744126440545,0.20160642130567952,-0.03792101995872593
37,b08_entity_swap,b08,public_health,entity_swap,knn_local,15,6,9,0.20128262042999268,0.10659466683864594,0.2308788299560547,0.5172196626663208,0.5286134481430054,0.9454037547111511,entity_swap,definition_substitution,True,0.31698162241350414,0.22760854589305382,-0.08937307652045032
38,b08_numeric_distortion,b08,public_health,numeric_distortion,knn_local,15,15,0,0.11803416162729263,0.024003006517887115,0.13748174905776978,0.34558138251304626,0.35202550888061523,0.9564730525016785,numeric_distortion,entity_swap,True,0.2429959431459577,0.16558197453451956,-0.07741396861143815
39,b08_role_inversion,b08,public_health,role_inversion,knn_local,15,9,6,0.18174664676189423,0.17378856241703033,0.2576353847980499,0.46106070280075073,0.4406949281692505,0.9091435670852661,role_inversion,role_inversion,False,0.45037280988406814,0.2502834817380221,-0.20008932814604602
40,b09_causal_substitution,b09,civics,causal_substitution,knn_local,15,9,6,0.11146716773509979,0.12194103747606277,0.1707281470298767,0.29334041476249695,0.29762277007102966,0.9062051773071289,causal_substitution,numeric_distortion,True,0.2844292628946924,0.21643254117223357,-0.06799672172245882
41,b09_definition_substitution,b09,civics,definition_substitution,knn_local,15,5,10,0.16022010147571564,0.10049343854188919,0.1909356415271759,0.3454606533050537,0.36138156056404114,0.9188851118087769,definition_substitution,numeric_distortion,True,0.2430689600815822,0.19778085447696633,-0.04528810560461588
42,b09_entity_swap,b09,civics,entity_swap,knn_local,15,1,14,0.3660101294517517,0.09179576486349106,0.37866780161857605,0.40807202458381653,0.4825425148010254,0.8092787265777588,entity_swap,causal_substitution,True,0.26988312856193225,0.20794307463234596,-0.06194005392958629
43,b09_numeric_distortion,b09,civics,numeric_distortion,knn_local,15,15,0,0.1223854124546051,0.024003006517887115,0.1414250135421753,0.3568897843360901,0.35800376534461975,0.9559774398803711,numeric_distortion,definition_substitution,True,0.28922464685351545,0.2019695532905986,-0.08725509356291686
44,b09_role_inversion,b09,civics,role_inversion,knn_local,15,5,10,0.19775541126728058,0.09016647934913635,0.23696991801261902,0.46206605434417725,0.4281531274318695,0.9230749011039734,role_inversion,role_inversion,False,0.6108240015638425,0.3894673716557104,-0.22135662990813215
45,b10_causal_substitution,b10,language,causal_substitution,knn_local,15,2,13,0.22779814898967743,0.13174578547477722,0.2754584550857544,0.32503029704093933,0.3629463016986847,0.8251932263374329,causal_substitution,role_inversion,True,0.2596927060907901,0.1596901784466447,-0.10000252764414538
46,b10_definition_substitution,b10,language,definition_substitution,knn_local,15,5,10,0.15422245860099792,0.12953826785087585,0.2253434956073761,0.2859106659889221,0.33846375346183777,0.866685688495636,definition_substitution,role_inversion,True,0.22247752836486037,0.17163442877255833,-0.05084309959230204
47,b10_entity_swap,b10,language,entity_swap,knn_local,15,11,4,0.15248875319957733,0.19917753338813782,0.25881558656692505,0.5530566573143005,0.6001458764076233,0.9465798139572144,entity_swap,role_inversion,True,0.2291753848903343,0.1509990110499676,-0.07817637384036669
48,b10_numeric_distortion,b10,language,numeric_distortion,knn_local,15,6,9,0.14000289142131805,0.10869002342224121,0.179792121052742,0.24243640899658203,0.23121538758277893,0.8389348983764648,numeric_distortion,causal_substitution,True,0.2958352048811973,0.19783227893971428,-0.09800292594148302
49,b10_role_inversion,b10,language,role_inversion,knn_local,15,5,10,0.215936541557312,0.10916106402873993,0.26581868529319763,0.3744300901889801,0.4172890782356262,0.8786875009536743,role_inversion,causal_substitution,True,0.27973247785928496,0.12469280461718112,-0.15503967324210383
50,b11_causal_substitution,b11,mathematics,causal_substitution,knn_local,15,8,7,0.121583491563797,0.12396559119224548,0.17729702591896057,0.3779933452606201,0.3898615539073944,0.9404847621917725,causal_substitution,numeric_distortion,True,0.31087495102746693,0.2227953314408029,-0.08807961958666402
51,b11_definition_substitution,b11,mathematics,definition_substitution,knn_local,15,2,13,0.2474278211593628,0.09464147686958313,0.26277396082878113,0.4420521557331085,0.48857736587524414,0.9150925278663635,definition_substitution,numeric_distortion,True,0.28382372428498226,0.26459345084355984,-0.01923027344142242
52,b11_entity_swap,b11,mathematics,entity_swap,knn_local,15,11,4,0.19612102210521698,0.1880555897951126,0.3021182417869568,0.6284839510917664,0.6763238906860352,0.942297637462616,entity_swap,numeric_distortion,True,0.24725224346693747,0.15839638243834553,-0.08885586102859194
53,b11_numeric_distortion,b11,mathematics,numeric_distortion,knn_local,15,5,10,0.15164640545845032,0.1067032739520073,0.17136164009571075,0.30363744497299194,0.33005499839782715,0.9210721850395203,numeric_distortion,definition_substitution,True,0.24954134779797374,0.18814511975490178,-0.06139622804307196
54,b11_role_inversion,b11,mathematics,role_inversion,knn_local,15,1,14,0.45996901392936707,0.09609196335077286,0.48349612951278687,0.5199466347694397,0.522869884967804,0.758176863193512,role_inversion,role_inversion,False,0.6074878785903375,0.2782817561409062,-0.32920612244943126
55,b12_causal_substitution,b12,music,causal_substitution,knn_local,15,3,12,0.18084804713726044,0.09478709846735,0.211965873837471,0.2907979190349579,0.3136628568172455,0.8643274903297424,causal_substitution,numeric_distortion,True,0.279286345612634,0.1947533098096137,-0.0845330358030203
56,b12_definition_substitution,b12,music,definition_substitution,knn_local,15,9,6,0.12203963845968246,0.1735098659992218,0.2078132927417755,0.44862818717956543,0.48724618554115295,0.9478459358215332,definition_substitution,entity_swap,True,0.27708524904774273,0.23873529932011006,-0.03834994972763267
57,b12_entity_swap,b12,music,entity_swap,knn_local,15,12,3,0.16669006645679474,0.23283962905406952,0.2861315608024597,0.4829871952533722,0.5296590328216553,0.9142472743988037,entity_swap,causal_substitution,True,0.2561445762919543,0.17305692955538507,-0.08308764673656924
58,b12_numeric_distortion,b12,music,numeric_distortion,knn_local,15,8,7,0.12229499220848083,0.11585087329149246,0.1725696325302124,0.28225696086883545,0.3220016658306122,0.9165351986885071,definition_substitution,role_inversion,True,0.208800970324402,0.14870787945952968,-0.06009309086487233
59,b12_role_inversion,b12,music,role_inversion,knn_local,15,12,3,0.18363969027996063,0.21579328179359436,0.2822989821434021,0.3363722264766693,0.3672909140586853,0.8224507570266724,role_inversion,role_inversion,False,0.3980039976676675,0.21245270621402498,-0.1855512914536425
60,b13_causal_substitution,b13,computer_science,causal_substitution,knn_local,15,13,2,0.13776123523712158,0.2883286476135254,0.34291476011276245,0.35900619626045227,0.42092373967170715,0.793828547000885,causal_substitution,definition_substitution,True,0.3108715270230918,0.17850989820015623,-0.13236162882293556
61,b13_definition_substitution,b13,computer_science,definition_substitution,knn_local,15,8,7,0.12518902122974396,0.12071170657873154,0.18117165565490723,0.26108700037002563,0.2936238944530487,0.8864852786064148,definition_substitution,role_inversion,True,0.22854943989987248,0.18676949722688482,-0.04177994267298765
62,b13_entity_swap,b13,computer_science,entity_swap,knn_local,15,7,8,0.17300812900066376,0.1426715850830078,0.23613880574703217,0.5827413201332092,0.5952911972999573,0.9550183415412903,entity_swap,role_inversion,True,0.33708241695346464,0.23672645733502395,-0.10035595961844068
63,b13_numeric_distortion,b13,computer_science,numeric_distortion,knn_local,15,6,9,0.1483089029788971,0.10499811917543411,0.15573452413082123,0.24748548865318298,0.2676347494125366,0.900080680847168,numeric_distortion,definition_substitution,True,0.256649878673233,0.200186929510467,-0.056462949162766035
64,b13_role_inversion,b13,computer_science,role_inversion,knn_local,15,7,8,0.18403445184230804,0.13493995368480682,0.24553395807743073,0.23845723271369934,0.26519739627838135,0.7375293970108032,role_inversion,numeric_distortion,True,0.2896365979628148,0.14200354555269346,-0.14763305241012137
65,b14_causal_substitution,b14,economics,causal_substitution,knn_local,15,5,10,0.155300572514534,0.10706166923046112,0.2208947390317917,0.371257483959198,0.3683023750782013,0.8996666669845581,causal_substitution,numeric_distortion,True,0.28299833969923555,0.20599272472978772,-0.07700561496944783
66,b14_definition_substitution,b14,economics,definition_substitution,knn_local,15,2,13,0.24513991177082062,0.10346104204654694,0.28395819664001465,0.2904457151889801,0.35017645359039307,0.7945677638053894,definition_substitution,role_inversion,True,0.2289100862159584,0.16358884127814838,-0.06532124493781002
67,b14_entity_swap,b14,economics,entity_swap,knn_local,15,7,8,0.18004460632801056,0.11829917132854462,0.2149837166070938,0.5136298537254333,0.5420061945915222,0.9547535181045532,entity_swap,entity_swap,False,0.3134974159412046,0.2563663008975112,-0.05713111504369339
68,b14_numeric_distortion,b14,economics,numeric_distortion,knn_local,15,5,10,0.18240797519683838,0.12396278232336044,0.23921503126621246,0.27093666791915894,0.32339009642601013,0.8320154547691345,numeric_distortion,role_inversion,True,0.23632969315847477,0.13208016395919964,-0.10424952919927513
69,b14_role_inversion,b14,economics,role_inversion,knn_local,15,12,3,0.211171954870224,0.17115215957164764,0.32101163268089294,0.6804212331771851,0.65479576587677,0.9356865882873535,role_inversion,causal_substitution,True,0.4504528107135181,0.18759770016147315,-0.26285511055204497
70,b15_causal_substitution,b15,sports,causal_substitution,knn_local,15,7,8,0.12247166782617569,0.1133461743593216,0.17555448412895203,0.2658627927303314,0.2835003733634949,0.8870617151260376,causal_substitution,numeric_distortion,True,0.2715518251573175,0.19239809611691816,-0.07915372904039936
71,b15_definition_substitution,b15,sports,definition_substitution,knn_local,15,6,9,0.13752080500125885,0.12397339940071106,0.18423134088516235,0.4034796953201294,0.42969563603401184,0.9469220638275146,definition_substitution,causal_substitution,True,0.2545986466017156,0.2126956485835469,-0.04190299801816871
72,b15_entity_swap,b15,sports,entity_swap,knn_local,15,8,7,0.17230165004730225,0.14952190220355988,0.24083539843559265,0.4073501229286194,0.46251752972602844,0.9214928150177002,entity_swap,role_inversion,True,0.250682755236801,0.1886007937860236,-0.062081961450777406
73,b15_numeric_distortion,b15,sports,numeric_distortion,knn_local,15,2,13,0.18993490934371948,0.09149638563394547,0.2043309509754181,0.24613960087299347,0.29331207275390625,0.8527629375457764,numeric_distortion,causal_substitution,True,0.2405222049024405,0.19444393194375717,-0.04607827295868333
74,b15_role_inversion,b15,sports,role_inversion,knn_local,15,8,7,0.1725856065750122,0.14040018618106842,0.2432929426431656,0.4143214523792267,0.3971761167049408,0.899728000164032,role_inversion,role_inversion,False,0.41841351919932174,0.2255243621886339,-0.19288915701068785
75,b16_causal_substitution,b16,medicine,causal_substitution,knn_local,15,1,14,0.2335406094789505,0.08970078080892563,0.2536393105983734,0.2504819333553314,0.3099169433116913,0.7896732687950134,causal_substitution,numeric_distortion,True,0.2884715993892275,0.23861681891709435,-0.04985478047213315
76,b16_definition_substitution,b16,medicine,definition_substitution,knn_local,15,1,14,0.270734578371048,0.11249182373285294,0.29600924253463745,0.33141782879829407,0.3980485796928406,0.8300208449363708,causal_substitution,causal_substitution,False,0.22007219288083615,0.19255874411406737,-0.027513448766768783
77,b16_entity_swap,b16,medicine,entity_swap,knn_local,15,9,6,0.19249312579631805,0.12684416770935059,0.23452456295490265,0.5653986930847168,0.587070643901825,0.954103410243988,entity_swap,definition_substitution,True,0.2743614239719695,0.18991106776581088,-0.08445035620615862
78,b16_numeric_distortion,b16,medicine,numeric_distortion,knn_local,15,15,0,0.12051064521074295,0.024003006517887115,0.14021454751491547,0.3468203544616699,0.3343140184879303,0.9529853463172913,numeric_distortion,causal_substitution,True,0.290571547015909,0.20131595148103812,-0.08925559553487086
79,b16_role_inversion,b16,medicine,role_inversion,knn_local,15,11,4,0.18191707134246826,0.1893579661846161,0.2626943588256836,0.43508803844451904,0.4373113811016083,0.8980070352554321,role_inversion,role_inversion,False,0.4387327327988679,0.24387453094541298,-0.1948582018534549
80,b17_causal_substitution,b17,law,causal_substitution,knn_local,15,0,15,0.0848497599363327,0.08374645560979843,0.1293450891971588,0.2767263948917389,0.2825416326522827,0.940035343170166,causal_substitution,definition_substitution,True,0.2621965329061584,0.19383835209663325,-0.06835818080952516
81,b17_definition_substitution,b17,law,definition_substitution,knn_local,15,4,11,0.15540702641010284,0.08964966982603073,0.17833863198757172,0.25902506709098816,0.2883114516735077,0.8859637379646301,definition_substitution,numeric_distortion,True,0.23765585000763667,0.19461208642025973,-0.04304376358737694
82,b17_entity_swap,b17,law,entity_swap,knn_local,15,10,5,0.15837015211582184,0.14478890597820282,0.2176142781972885,0.5889606475830078,0.6010279059410095,0.9625797271728516,entity_swap,entity_swap,False,0.34435145278528795,0.25230439692556367,-0.09204705585972428
83,b17_numeric_distortion,b17,law,numeric_distortion,knn_local,15,14,1,0.11961567401885986,0.3643359839916229,0.3471948802471161,0.2776176631450653,0.33701443672180176,0.6564911007881165,numeric_distortion,numeric_distortion,False,0.32077951203489763,0.327880737388541,0.007101225353643381
84,b17_role_inversion,b17,law,role_inversion,knn_local,15,7,8,0.20847859978675842,0.11711499094963074,0.2877398431301117,0.48318716883659363,0.4870092570781708,0.9010756015777588,role_inversion,causal_substitution,True,0.4272264424943643,0.19212784273097255,-0.23509859976339176
85,b18_causal_substitution,b18,meteorology,causal_substitution,knn_local,15,7,8,0.12131314724683762,0.11297815293073654,0.17385153472423553,0.2646007239818573,0.28364598751068115,0.8891549706459045,causal_substitution,numeric_distortion,True,0.2577632614506242,0.18771582948149906,-0.07004743196912516
86,b18_definition_substitution,b18,meteorology,definition_substitution,knn_local,15,7,8,0.15093666315078735,0.1295938640832901,0.21241740882396698,0.321492463350296,0.35511234402656555,0.8937932848930359,definition_substitution,role_inversion,True,0.24019595223710993,0.1908253378239196,-0.04937061441319032
87,b18_entity_swap,b18,meteorology,entity_swap,knn_local,15,4,11,0.2209770828485489,0.14579519629478455,0.28520625829696655,0.43244507908821106,0.4755173325538635,0.8932574987411499,entity_swap,role_inversion,True,0.25195377178677136,0.18130053493876025,-0.07065323684801111
88,b18_numeric_distortion,b18,meteorology,numeric_distortion,knn_local,15,5,10,0.14107626676559448,0.1008647233247757,0.17904241383075714,0.2740132808685303,0.27811866998672485,0.8818055391311646,numeric_distortion,causal_substitution,True,0.30800444983930364,0.213166741002025,-0.09483770883727863
89,b18_role_inversion,b18,meteorology,role_inversion,knn_local,15,8,7,0.19535306096076965,0.13943682610988617,0.2419724315404892,0.42453423142433167,0.40839847922325134,0.9057719111442566,role_inversion,role_inversion,False,0.48402405292472295,0.2740395205023681,-0.20998453242235487
90,b19_causal_substitution,b19,education,causal_substitution,knn_local,15,14,1,0.144332617521286,0.384152889251709,0.4263230562210083,0.4224158525466919,0.5346913933753967,0.8015840649604797,causal_substitution,definition_substitution,True,0.28427196399091215,0.1866459833771856,-0.09762598061372654
91,b19_definition_substitution,b19,education,definition_substitution,knn_local,15,9,6,0.1337350308895111,0.1735098659992218,0.19748464226722717,0.4391047954559326,0.46582546830177307,0.9481201767921448,definition_substitution,definition_substitution,False,0.27124711731103696,0.2316189175252919,-0.039628199785745055
92,b19_entity_swap,b19,education,entity_swap,knn_local,15,10,5,0.17401205003261566,0.15962035953998566,0.2393244504928589,0.6733385324478149,0.6759933829307556,0.9646169543266296,entity_swap,entity_swap,False,0.33702524895817637,0.24265684401699023,-0.09436840494118615
93,b19_numeric_distortion,b19,education,numeric_distortion,knn_local,15,14,1,0.11399903893470764,0.3643359839916229,0.3802937865257263,0.33761677145957947,0.46884092688560486,0.7974241375923157,numeric_distortion,numeric_distortion,False,0.40827350000507073,0.41690649079050457,0.008632990785433836
94,b19_role_inversion,b19,education,role_inversion,knn_local,15,7,8,0.1980506330728531,0.1249309629201889,0.24713201820850372,0.27746134996414185,0.3021826446056366,0.7987744212150574,role_inversion,definition_substitution,True,0.3240123681451686,0.14543208000511987,-0.17858028814004873
95,b20_causal_substitution,b20,transport,causal_substitution,knn_local,15,1,14,0.2588353455066681,0.14183051884174347,0.3057003915309906,0.3488827049732208,0.418549120426178,0.8366241455078125,causal_substitution,role_inversion,True,0.25296397652487324,0.20432603203180666,-0.048637944493066576
96,b20_definition_substitution,b20,transport,definition_substitution,knn_local,15,1,14,0.4420521557331085,0.12812289595603943,0.4447343051433563,0.42341646552085876,0.5410593152046204,0.7873873710632324,causal_substitution,causal_substitution,False,0.21266272078421397,0.16612373965326446,-0.04653898113094951
97,b20_entity_swap,b20,transport,entity_swap,knn_local,15,11,4,0.20845481753349304,0.1880555897951126,0.3337968587875366,0.6760343909263611,0.6807773113250732,0.9319345355033875,entity_swap,definition_substitution,True,0.29798998041446384,0.1964555478123677,-0.10153443260209613
98,b20_numeric_distortion,b20,transport,numeric_distortion,knn_local,15,2,13,0.20168182253837585,0.10496813803911209,0.22012072801589966,0.32794567942619324,0.3439842760562897,0.8803382515907288,numeric_distortion,definition_substitution,True,0.2899699856812933,0.21312654926150312,-0.07684343641979016
99,b20_role_inversion,b20,transport,role_inversion,knn_local,15,8,7,0.22364328801631927,0.11953029781579971,0.29930204153060913,0.45127061009407043,0.4968603849411011,0.8922673463821411,role_inversion,numeric_distortion,True,0.2724405358874248,0.09224954658835241,-0.18019098929907237
100,b21_causal_substitution,b21,botany,causal_substitution,knn_local,15,8,7,0.11763940751552582,0.12136781215667725,0.18463879823684692,0.2948561906814575,0.32429787516593933,0.9042595624923706,causal_substitution,role_inversion,True,0.27948265017080254,0.1986831892221976,-0.08079946094860493
101,b21_definition_substitution,b21,botany,definition_substitution,knn_local,15,4,11,0.1428791582584381,0.09509346634149551,0.17957814037799835,0.2028222382068634,0.2204865664243698,0.8006728291511536,definition_substitution,definition_substitution,False,0.2503681369996995,0.21427283228963412,-0.03609530471006539
102,b21_entity_swap,b21,botany,entity_swap,knn_local,15,1,14,0.2119440734386444,0.07938919961452484,0.2269551008939743,0.18244236707687378,0.23743654787540436,0.7004831433296204,entity_swap,numeric_distortion,True,0.2336069362850082,0.18546870546062075,-0.04813823082438745
103,b21_numeric_distortion,b21,botany,numeric_distortion,knn_local,15,9,6,0.12836623191833496,0.15956923365592957,0.21816711127758026,0.1869620829820633,0.20964352786540985,0.6650269031524658,numeric_distortion,causal_substitution,True,0.2954844386079144,0.19595281262405173,-0.09953162598386267
104,b21_role_inversion,b21,botany,role_inversion,knn_local,15,7,8,0.2167862504720688,0.113319531083107,0.2829137146472931,0.46874409914016724,0.4872520864009857,0.9021875262260437,role_inversion,numeric_distortion,True,0.36936403472360063,0.15534056326208284,-0.2140234714615178
105,b22_causal_substitution,b22,oceanography,causal_substitution,knn_local,15,11,4,0.12765063345432281,0.1844494789838791,0.23181816935539246,0.34957101941108704,0.36323219537734985,0.8817018866539001,causal_substitution,entity_swap,True,0.3202518311201324,0.22620987398442788,-0.09404195713570451
106,b22_definition_substitution,b22,oceanography,definition_substitution,knn_local,15,4,11,0.14910060167312622,0.090903140604496,0.18386085331439972,0.1924518197774887,0.20803160965442657,0.7655553221702576,definition_substitution,role_inversion,True,0.24255519007003667,0.20096273802507755,-0.04159245204495912
107,b22_entity_swap,b22,oceanography,entity_swap,knn_local,15,1,14,0.36696943640708923,0.0837986022233963,0.3822440505027771,0.28183189034461975,0.40623581409454346,0.7086613178253174,entity_swap,causal_substitution,True,0.23163947020211853,0.1975160919780513,-0.03412337822406722
108,b22_numeric_distortion,b22,oceanography,numeric_distortion,knn_local,15,9,6,0.14761148393154144,0.11939240247011185,0.19158856570720673,0.29337742924690247,0.2967800498008728,0.8814976811408997,numeric_distortion,numeric_distortion,False,0.33577848718021064,0.24182388121258774,-0.0939546059676229
109,b22_role_inversion,b22,oceanography,role_inversion,knn_local,15,10,5,0.18276062607765198,0.1381140947341919,0.2535037398338318,0.3224392831325531,0.29943177103996277,0.81553715467453,role_inversion,role_inversion,False,0.4377072128566218,0.21940242738621427,-0.21830478547040752
110,b23_causal_substitution,b23,mathematics,causal_substitution,knn_local,15,4,11,0.18093299865722656,0.10319461673498154,0.22384174168109894,0.2922965884208679,0.31755074858665466,0.8516125679016113,causal_substitution,role_inversion,True,0.2852528016578331,0.20168408483704853,-0.0835687168207846
111,b23_definition_substitution,b23,mathematics,definition_substitution,knn_local,15,6,9,0.12185457348823547,0.13994556665420532,0.20073190331459045,0.33202558755874634,0.3394491374492645,0.8996952176094055,definition_substitution,causal_substitution,True,0.25579140564703146,0.20232251020339626,-0.0534688954436352
112,b23_entity_swap,b23,mathematics,entity_swap,knn_local,15,8,7,0.1638907492160797,0.15713320672512054,0.23904263973236084,0.5372052788734436,0.5576856732368469,0.9470569491386414,entity_swap,entity_swap,False,0.3109564201945515,0.2429262046015702,-0.06803021559298131
113,b23_numeric_distortion,b23,mathematics,numeric_distortion,knn_local,15,6,9,0.10864031314849854,0.1077827513217926,0.1551341563463211,0.27086612582206726,0.2818501889705658,0.9121288657188416,numeric_distortion,definition_substitution,True,0.2341310720464987,0.18155382136143008,-0.052577250685068605
114,b23_role_inversion,b23,mathematics,role_inversion,knn_local,15,7,8,0.17785251140594482,0.127280592918396,0.24425041675567627,0.4451330006122589,0.4548403024673462,0.917359471321106,role_inversion,causal_substitution,True,0.4041654226541815,0.214073454958551,-0.19009196769563047
115,b24_causal_substitution,b24,history,causal_substitution,knn_local,15,13,2,0.13417145609855652,0.2883286476135254,0.3364282250404358,0.40197911858558655,0.43865758180618286,0.8232852220535278,causal_substitution,causal_substitution,False,0.37578031900521935,0.23141680087502384,-0.14436351813019552
116,b24_definition_substitution,b24,history,definition_substitution,knn_local,15,2,13,0.16938979923725128,0.11483483761548996,0.21714656054973602,0.26169413328170776,0.2817298173904419,0.8228469491004944,definition_substitution,causal_substitution,True,0.2552690793259887,0.21162903107187625,-0.04364004825411244
117,b24_entity_swap,b24,history,entity_swap,knn_local,15,0,15,0.08277234435081482,0.09163407981395721,0.1361646205186844,0.2758174240589142,0.27457982301712036,0.9311558604240417,entity_swap,causal_substitution,True,0.25591584998006706,0.19130081694050105,-0.064615033039566
118,b24_numeric_distortion,b24,history,numeric_distortion,knn_local,15,1,14,0.2585040330886841,0.10035146027803421,0.3072647452354431,0.2973152995109558,0.3360123038291931,0.7417003512382507,numeric_distortion,causal_substitution,True,0.3552424743420006,0.21416525937964898,-0.14107721496235165
119,b24_role_inversion,b24,history,role_inversion,knn_local,15,12,3,0.17358623445034027,0.21579328179359436,0.2743711769580841,0.3430260717868805,0.34360161423683167,0.8203679919242859,role_inversion,role_inversion,False,0.44735160716629824,0.25672829363358307,-0.19062331353271517
120,b25_causal_substitution,b25,anatomy,causal_substitution,knn_local,15,14,1,0.1414739191532135,0.384152889251709,0.4213390648365021,0.4652792513370514,0.5284378528594971,0.8050408363342285,causal_substitution,role_inversion,True,0.3001754901485015,0.20782713241149228,-0.0923483577370092
121,b25_definition_substitution,b25,anatomy,definition_substitution,knn_local,15,5,10,0.11899308115243912,0.10312129557132721,0.17111358046531677,0.2709091901779175,0.2800811231136322,0.8920234441757202,definition_substitution,numeric_distortion,True,0.2504803573443867,0.20965648753275368,-0.040823869811632996
122,b25_entity_swap,b25,anatomy,entity_swap,knn_local,15,10,5,0.18837954103946686,0.15203726291656494,0.2416401505470276,0.4875391721725464,0.5026907324790955,0.9334612488746643,entity_swap,entity_swap,False,0.3110173143358462,0.21616798855590047,-0.0948493257799457
123,b25_numeric_distortion,b25,anatomy,numeric_distortion,knn_local,15,3,12,0.17282648384571075,0.08479257673025131,0.18537695705890656,0.29590505361557007,0.2982780635356903,0.8905279636383057,numeric_distortion,definition_substitution,True,0.27570993002231536,0.208158412761244,-0.06755151726107136
124,b25_role_inversion,b25,anatomy,role_inversion,knn_local,15,4,11,0.20145344734191895,0.1042327880859375,0.2476813793182373,0.32864639163017273,0.3724495768547058,0.8668819069862366,role_inversion,numeric_distortion,True,0.28888032165855415,0.14831455356457107,-0.14056576809398308
125,b26_causal_substitution,b26,linguistics,causal_substitution,knn_local,15,9,6,0.10454994440078735,0.13515889644622803,0.1742081195116043,0.33616527915000916,0.350834459066391,0.9285397529602051,causal_substitution,definition_substitution,True,0.2783229204904098,0.20879976778164902,-0.06952315270876078
126,b26_definition_substitution,b26,linguistics,definition_substitution,knn_local,15,5,10,0.1557311862707138,0.09539265930652618,0.1703948974609375,0.32684391736984253,0.3496185839176178,0.9308083653450012,definition_substitution,entity_swap,True,0.24283989123123664,0.20992143047792586,-0.032918460753310785
127,b26_entity_swap,b26,linguistics,entity_swap,knn_local,15,7,8,0.2270992249250412,0.11895871162414551,0.25691092014312744,0.4965971112251282,0.5377001166343689,0.9336429834365845,entity_swap,causal_substitution,True,0.24960286479909466,0.16997883136030176,-0.0796240334387929
128,b26_numeric_distortion,b26,linguistics,numeric_distortion,knn_local,15,15,0,0.11475101113319397,0.024003006517887115,0.13438795506954193,0.3669043779373169,0.32850736379623413,0.9639739394187927,numeric_distortion,numeric_distortion,False,0.39444644857992,0.28976597499121115,-0.10468047358870886
129,b26_role_inversion,b26,linguistics,role_inversion,knn_local,15,2,13,0.327951043844223,0.07139869034290314,0.3636016845703125,0.46796751022338867,0.4780285358428955,0.8340095281600952,role_inversion,causal_substitution,True,0.4731694089917885,0.19390993330667416,-0.27925947568511433
130,b27_causal_substitution,b27,energy,causal_substitution,knn_local,15,3,12,0.19183802604675293,0.10581061989068985,0.22231106460094452,0.2707594931125641,0.3069576621055603,0.8406381011009216,causal_substitution,definition_substitution,True,0.2719834515271303,0.203717531436455,-0.06826592009067534
131,b27_definition_substitution,b27,energy,definition_substitution,knn_local,15,10,5,0.1507491171360016,0.17727869749069214,0.25790348649024963,0.4685819447040558,0.503719687461853,0.9233593344688416,definition_substitution,causal_substitution,True,0.252191823827527,0.1941416793392513,-0.05805014448827567
132,b27_entity_swap,b27,energy,entity_swap,knn_local,15,2,13,0.35683396458625793,0.0954575389623642,0.3750568926334381,0.508094847202301,0.5695778131484985,0.8698246479034424,entity_swap,definition_substitution,True,0.26367959853465806,0.21279387143805198,-0.050885727096606076
133,b27_numeric_distortion,b27,energy,numeric_distortion,knn_local,15,0,15,0.09601202607154846,0.08788548409938812,0.1591346561908722,0.31116968393325806,0.2956233620643616,0.9238876700401306,numeric_distortion,role_inversion,True,0.3321038744041669,0.2179601857184417,-0.11414368868572519
134,b27_role_inversion,b27,energy,role_inversion,knn_local,15,8,7,0.1784113049507141,0.1308460384607315,0.24424032866954803,0.36840200424194336,0.34787192940711975,0.8707303404808044,role_inversion,role_inversion,False,0.4824271432361997,0.2609931995095001,-0.22143394372669956
135,b28_causal_substitution,b28,geology,causal_substitution,knn_local,15,9,6,0.11372202634811401,0.13623158633708954,0.17722675204277039,0.32026055455207825,0.3163072168827057,0.9128727316856384,causal_substitution,causal_substitution,False,0.3502196417375604,0.2733034723283697,-0.07691616940919072
136,b28_definition_substitution,b28,geology,definition_substitution,knn_local,15,5,10,0.13526757061481476,0.0910516083240509,0.14962150156497955,0.2668137848377228,0.2736901044845581,0.9141026735305786,definition_substitution,definition_substitution,False,0.2761435656082575,0.24439865902731672,-0.03174490658094076
137,b28_entity_swap,b28,geology,entity_swap,knn_local,15,11,4,0.17207807302474976,0.1650044322013855,0.2421146184206009,0.5340833067893982,0.5435593724250793,0.9433637261390686,entity_swap,entity_swap,False,0.3204814439029342,0.234005316528809,-0.08647612737412522
138,b28_numeric_distortion,b28,geology,numeric_distortion,knn_local,15,15,0,0.10690666735172272,0.024003006517887115,0.12617062032222748,0.3156425952911377,0.2904144823551178,0.9546293616294861,numeric_distortion,numeric_distortion,False,0.36082992242483963,0.26858180160489253,-0.0922481208199471
139,b28_role_inversion,b28,geology,role_inversion,knn_local,15,3,12,0.2569649815559387,0.08437728136777878,0.2803851366043091,0.32691437005996704,0.32367661595344543,0.7910923957824707,role_inversion,numeric_distortion,True,0.3940123818607583,0.16775039912217285,-0.22626198273858547
140,b29_causal_substitution,b29,astronomy,causal_substitution,knn_local,15,4,11,0.15674160420894623,0.12916989624500275,0.18569523096084595,0.24478967487812042,0.2778340280056,0.8654289245605469,causal_substitution,definition_substitution,True,0.2414416678244251,0.19439105672549498,-0.047050611098930134
141,b29_definition_substitution,b29,astronomy,definition_substitution,knn_local,15,3,12,0.13954681158065796,0.1217745915055275,0.169499933719635,0.27049174904823303,0.2947283387184143,0.9023266434669495,definition_substitution,causal_substitution,True,0.2182894417744699,0.19205546457064773,-0.026233977203822173
142,b29_entity_swap,b29,astronomy,entity_swap,knn_local,15,11,4,0.20739097893238068,0.1880555897951126,0.3366561532020569,0.6362553238868713,0.6516061425209045,0.9233978390693665,entity_swap,numeric_distortion,True,0.3399909210204537,0.2279798008811533,-0.1120111201393004
143,b29_numeric_distortion,b29,astronomy,numeric_distortion,knn_local,15,1,14,0.24748548865318298,0.12881864607334137,0.25827842950820923,0.29175594449043274,0.34945619106292725,0.8323108553886414,numeric_distortion,entity_swap,True,0.23839109633076144,0.19185034428654738,-0.04654075204421407
144,b29_role_inversion,b29,astronomy,role_inversion,knn_local,15,0,15,0.15003369748592377,0.1291990429162979,0.2196378856897354,0.37372273206710815,0.35403746366500854,0.8989208340644836,role_inversion,definition_substitution,True,0.4157136607736283,0.20551573677321425,-0.21019792400041407
145,b30_causal_substitution,b30,cooking,causal_substitution,knn_local,15,2,13,0.21974317729473114,0.15651679039001465,0.27217763662338257,0.36249229311943054,0.4041646420955658,0.8637133836746216,causal_substitution,role_inversion,True,0.2444715556419049,0.15630851317197922,-0.08816304246992568
146,b30_definition_substitution,b30,cooking,definition_substitution,knn_local,15,5,10,0.15397322177886963,0.1322903335094452,0.22421452403068542,0.20367394387722015,0.2509658634662628,0.7452659606933594,definition_substitution,role_inversion,True,0.23107437902296357,0.17781397169347554,-0.05326040732948803
147,b30_entity_swap,b30,cooking,entity_swap,knn_local,15,9,6,0.16514675319194794,0.19088305532932281,0.2645051181316376,0.49980995059013367,0.5332209467887878,0.9282615184783936,entity_swap,role_inversion,True,0.2443763251921636,0.16692099136400143,-0.07745533382816217
148,b30_numeric_distortion,b30,cooking,numeric_distortion,knn_local,15,14,1,0.12709152698516846,0.3643359839916229,0.3586261570453644,0.3299250602722168,0.4257681369781494,0.7751902341842651,numeric_distortion,role_inversion,True,0.2359699164752336,0.22171829366657217,-0.014251622808661435
149,b30_role_inversion,b30,cooking,role_inversion,knn_local,15,7,8,0.22454828023910522,0.1192147508263588,0.29667893052101135,0.4364713728427887,0.4898126721382141,0.8908620476722717,causal_substitution,causal_substitution,False,0.24548347875553456,0.08628493283413563,-0.15919854592139893
150,b31_causal_substitution,b31,ecology,causal_substitution,knn_local,15,10,5,0.14710214734077454,0.17066842317581177,0.2449333220720291,0.4085704982280731,0.4191608130931854,0.9018038511276245,causal_substitution,definition_substitution,True,0.3120216233948802,0.19838976370992312,-0.11363185968495709
151,b31_definition_substitution,b31,ecology,definition_substitution,knn_local,15,2,13,0.2185654193162918,0.10838642716407776,0.24900047481060028,0.28917211294174194,0.35272324085235596,0.8488351106643677,definition_substitution,causal_substitution,True,0.2368278821010207,0.20343836114750702,-0.03338952095351369
152,b31_entity_swap,b31,ecology,entity_swap,knn_local,15,0,15,0.08277234435081482,0.13550150394439697,0.18494172394275665,0.48897120356559753,0.5015725493431091,0.9611003994941711,entity_swap,role_inversion,True,0.2788317061576814,0.18564403682344813,-0.09318766933423325
153,b31_numeric_distortion,b31,ecology,numeric_distortion,knn_local,15,12,3,0.11515846848487854,0.2064179629087448,0.2264564335346222,0.2637031376361847,0.3000211715698242,0.8260324001312256,numeric_distortion,role_inversion,True,0.29105617399472355,0.21384605572889875,-0.0772101182658248
154,b31_role_inversion,b31,ecology,role_inversion,knn_local,15,11,4,0.18423724174499512,0.15266771614551544,0.24542850255966187,0.3051909804344177,0.32906869053840637,0.8341505527496338,role_inversion,definition_substitution,True,0.34367794637553334,0.16779488242375654,-0.1758830639517768
155,b32_causal_substitution,b32,economics,causal_substitution,knn_local,15,14,1,0.12973858416080475,0.384152889251709,0.4055383503437042,0.41488003730773926,0.5098462700843811,0.8026453256607056,causal_substitution,numeric_distortion,True,0.3000439647925334,0.19848251584474935,-0.10156144894778407
156,b32_definition_substitution,b32,economics,definition_substitution,knn_local,15,2,13,0.1712726354598999,0.12509840726852417,0.19861190021038055,0.36658045649528503,0.4096030294895172,0.93227618932724,definition_substitution,entity_swap,True,0.2458445545381863,0.22002858196949476,-0.02581597256869153
157,b32_entity_swap,b32,economics,entity_swap,knn_local,15,12,3,0.19624994695186615,0.19084806740283966,0.31662842631340027,0.810857892036438,0.8255811929702759,0.9580419659614563,entity_swap,causal_substitution,True,0.318986883907731,0.20675839220898587,-0.11222849169874513
158,b32_numeric_distortion,b32,economics,numeric_distortion,knn_local,15,3,12,0.17837965488433838,0.14129847288131714,0.2211206704378128,0.33017629384994507,0.3492608368396759,0.8823299407958984,numeric_distortion,numeric_distortion,False,0.3645576148896798,0.2738351976362789,-0.09072241725340091
159,b32_role_inversion,b32,economics,role_inversion,knn_local,15,7,8,0.2314285784959793,0.11705746501684189,0.3052977919578552,0.4921473264694214,0.43973538279533386,0.885216236114502,role_inversion,role_inversion,False,0.6253110159379216,0.3114893401570583,-0.3138216757808633
160,b33_causal_substitution,b33,meteorology,causal_substitution,knn_local,15,10,5,0.11354648321866989,0.14157342910766602,0.1935121715068817,0.2575686275959015,0.28510525822639465,0.8617424964904785,causal_substitution,entity_swap,True,0.2350520840391508,0.16361774841860727,-0.07143433562054352
161,b33_definition_substitution,b33,meteorology,definition_substitution,knn_local,15,7,8,0.1232742890715599,0.15714183449745178,0.21580171585083008,0.26239171624183655,0.2931671440601349,0.8358867168426514,entity_swap,role_inversion,True,0.24018484903997195,0.18510765231280146,-0.055077196727170485
162,b33_entity_swap,b33,meteorology,entity_swap,knn_local,15,3,12,0.25051987171173096,0.10062523186206818,0.2680608630180359,0.4857305586338043,0.5273418426513672,0.9244807958602905,definition_substitution,definition_substitution,False,0.21219028220132166,0.16644944531271422,-0.045740836888607445
163,b33_numeric_distortion,b33,meteorology,numeric_distortion,knn_local,15,9,6,0.12319745868444443,0.14374858140945435,0.19783762097358704,0.22325874865055084,0.23764941096305847,0.7944768667221069,numeric_distortion,numeric_distortion,False,0.3194099130826215,0.22647954567960502,-0.0929303674030165
164,b33_role_inversion,b33,meteorology,role_inversion,knn_local,15,11,4,0.1756671965122223,0.16004043817520142,0.24617363512516022,0.3389023244380951,0.3526693284511566,0.8581883907318115,role_inversion,causal_substitution,True,0.43521006020097147,0.239312392404057,-0.19589766779691448
165,b34_causal_substitution,b34,music,causal_substitution,knn_local,15,7,8,0.11463041603565216,0.10813246667385101,0.16549554467201233,0.2781214714050293,0.2795516550540924,0.9009370803833008,causal_substitution,causal_substitution,False,0.3008652674673916,0.22350809392736545,-0.07735717354002616
166,b34_definition_substitution,b34,music,definition_substitution,knn_local,15,8,7,0.1273561716079712,0.13347521424293518,0.16938325762748718,0.2526460587978363,0.2777072489261627,0.8894662857055664,definition_substitution,entity_swap,True,0.23740210221009062,0.20409373963341884,-0.033308362576671774
167,b34_entity_swap,b34,music,entity_swap,knn_local,15,2,13,0.3282567858695984,0.09112191200256348,0.34505990147590637,0.3660101294517517,0.4273081123828888,0.797897219657898,entity_swap,numeric_distortion,True,0.25670006121697486,0.190845486329435,-0.06585457488753987
168,b34_numeric_distortion,b34,music,numeric_distortion,knn_local,15,7,8,0.12561707198619843,0.12247155606746674,0.16646656394004822,0.19104522466659546,0.19436900317668915,0.7902628779411316,numeric_distortion,definition_substitution,True,0.2905796673006815,0.21928900101162876,-0.07129066628905276
169,b34_role_inversion,b34,music,role_inversion,knn_local,15,7,8,0.18733076751232147,0.13737758994102478,0.24886387586593628,0.43726369738578796,0.43158411979675293,0.9077842831611633,role_inversion,role_inversion,False,0.43729916294197674,0.2307740295483877,-0.20652513339358905
170,b35_causal_substitution,b35,medicine,causal_substitution,knn_local,15,9,6,0.1096000000834465,0.11882980912923813,0.17870783805847168,0.3253457844257355,0.33357736468315125,0.9175488352775574,causal_substitution,definition_substitution,True,0.26152444693745464,0.18667990427647033,-0.07484454266098431
171,b35_definition_substitution,b35,medicine,definition_substitution,knn_local,15,10,5,0.12880060076713562,0.16055938601493835,0.20927603542804718,0.46800321340560913,0.511272668838501,0.9524331092834473,definition_substitution,causal_substitution,True,0.2659469043350883,0.21468665412506488,-0.051260250210023395
172,b35_entity_swap,b35,medicine,entity_swap,knn_local,15,4,11,0.24674710631370544,0.1156371608376503,0.2760264575481415,0.498783677816391,0.5433117151260376,0.9245844483375549,entity_swap,definition_substitution,True,0.25755828988350216,0.17751355976285077,-0.08004473012065139
173,b35_numeric_distortion,b35,medicine,numeric_distortion,knn_local,15,3,12,0.1585356891155243,0.08290747553110123,0.17158247530460358,0.30977872014045715,0.3122237026691437,0.914421558380127,numeric_distortion,numeric_distortion,False,0.3644403850760177,0.30970407106815023,-0.05473631400786749
174,b35_role_inversion,b35,medicine,role_inversion,knn_local,15,11,4,0.20997297763824463,0.1465470939874649,0.29285305738449097,0.5549240708351135,0.5323492288589478,0.9192115068435669,role_inversion,role_inversion,False,0.697377913006457,0.42239596760129605,-0.27498194540516097
175,b36_causal_substitution,b36,law,causal_substitution,knn_local,15,1,14,0.29991817474365234,0.0898689553141594,0.3225737512111664,0.36223509907722473,0.4236548840999603,0.8215922117233276,causal_substitution,definition_substitution,True,0.28758471826806203,0.21383919940432927,-0.07374551886373276
176,b36_definition_substitution,b36,law,definition_substitution,knn_local,15,11,4,0.14079909026622772,0.1954052746295929,0.2581161558628082,0.5432202816009521,0.5634711980819702,0.9394524693489075,definition_substitution,role_inversion,True,0.26945409556946465,0.20220771421044495,-0.0672463813590197
177,b36_entity_swap,b36,law,entity_swap,knn_local,15,7,8,0.21045377850532532,0.127897247672081,0.24422477185726166,0.64694744348526,0.6832711696624756,0.9635426998138428,entity_swap,numeric_distortion,True,0.2982792734292972,0.21645074545968365,-0.08182852796961357
178,b36_numeric_distortion,b36,law,numeric_distortion,knn_local,15,15,0,0.121236152946949,0.024003006517887115,0.14027449488639832,0.40571194887161255,0.3981183171272278,0.9659159183502197,numeric_distortion,numeric_distortion,False,0.3555802369465739,0.25501159633943565,-0.10056864060713827
179,b36_role_inversion,b36,law,role_inversion,knn_local,15,12,3,0.21929481625556946,0.1645907461643219,0.3308669924736023,0.5938140153884888,0.6077901124954224,0.9149616360664368,role_inversion,causal_substitution,True,0.303150899136165,0.10658954977829314,-0.19656134935787184
180,b37_causal_substitution,b37,transport,causal_substitution,knn_local,15,3,12,0.1912355273962021,0.09426861256361008,0.23152345418930054,0.29991817474365234,0.32626044750213623,0.8494766354560852,causal_substitution,role_inversion,True,0.28436329183764536,0.20513531694477072,-0.07922797489287464
181,b37_definition_substitution,b37,transport,definition_substitution,knn_local,15,5,10,0.17008455097675323,0.1312371790409088,0.211579829454422,0.33380141854286194,0.3634927570819855,0.8998663425445557,definition_substitution,numeric_distortion,True,0.2452068436419179,0.20908663168017586,-0.03612021196174203
182,b37_entity_swap,b37,transport,entity_swap,knn_local,15,11,4,0.16989578306674957,0.17465028166770935,0.22879913449287415,0.5272724032402039,0.537273645401001,0.948204517364502,entity_swap,entity_swap,False,0.34087600159574827,0.2619725450855828,-0.07890345651016545
183,b37_numeric_distortion,b37,transport,numeric_distortion,knn_local,15,15,0,0.1302158087491989,0.024003006517887115,0.1503589004278183,0.27413812279701233,0.31495407223701477,0.9360038638114929,definition_substitution,definition_substitution,False,0.1425358841692023,0.08882240880532116,-0.05371347536388113
184,b37_role_inversion,b37,transport,role_inversion,knn_local,15,0,15,0.15003369748592377,0.09010614454746246,0.20385050773620605,0.3643359839916229,0.38364389538764954,0.9177183508872986,numeric_distortion,numeric_distortion,False,0.2730303896903431,0.11091169503920341,-0.1621186946511397
185,b38_causal_substitution,b38,computer_science,causal_substitution,knn_local,15,4,11,0.16252028942108154,0.11769101768732071,0.20195305347442627,0.31921491026878357,0.323898047208786,0.889162540435791,causal_substitution,definition_substitution,True,0.2846871313687416,0.2152299782468175,-0.06945715312192408
186,b38_definition_substitution,b38,computer_science,definition_substitution,knn_local,15,5,10,0.15454955399036407,0.1457563042640686,0.22028420865535736,0.3739906847476959,0.3927821218967438,0.908295214176178,causal_substitution,role_inversion,True,0.24085591728061437,0.19201841257267852,-0.04883750470793585
187,b38_entity_swap,b38,computer_science,entity_swap,knn_local,15,6,9,0.22736075520515442,0.10793908685445786,0.25477755069732666,0.6077755689620972,0.6367042064666748,0.9539039134979248,entity_swap,entity_swap,False,0.32380743338327034,0.23708658690752582,-0.08672084647574452
188,b38_numeric_distortion,b38,computer_science,numeric_distortion,knn_local,15,15,0,0.11321249604225159,0.024003006517887115,0.13224469125270844,0.3632305860519409,0.3469458520412445,0.9620215892791748,numeric_distortion,numeric_distortion,False,0.34693311951475064,0.252751994552873,-0.09418112496187764
189,b38_role_inversion,b38,computer_science,role_inversion,knn_local,15,11,4,0.18719659745693207,0.19617189466953278,0.272532194852829,0.3410457968711853,0.3471371829509735,0.8237096071243286,role_inversion,entity_swap,True,0.4002314327597128,0.20133679950040134,-0.19889463325931145
190,b39_causal_substitution,b39,zoology,causal_substitution,knn_local,15,2,13,0.23345579206943512,0.12411791831254959,0.26381823420524597,0.2588353455066681,0.3254726529121399,0.7939937114715576,causal_substitution,entity_swap,True,0.23872884217362847,0.17955975898317933,-0.05916908319044914
191,b39_definition_substitution,b39,zoology,definition_substitution,knn_local,15,4,11,0.13668163120746613,0.13320401310920715,0.16046996414661407,0.2354043573141098,0.26007384061813354,0.8866745233535767,definition_substitution,causal_substitution,True,0.22843687622419717,0.2064813951627222,-0.021955481061474963
192,b39_entity_swap,b39,zoology,entity_swap,knn_local,15,12,3,0.19062098860740662,0.2116556018590927,0.30638810992240906,0.6500177979469299,0.6788585782051086,0.9411107301712036,entity_swap,numeric_distortion,True,0.31662351678624434,0.21379946312520454,-0.1028240536610398
193,b39_numeric_distortion,b39,zoology,numeric_distortion,knn_local,15,1,14,0.32794567942619324,0.09217462688684464,0.34840068221092224,0.3013973832130432,0.3710006773471832,0.7163561582565308,numeric_distortion,definition_substitution,True,0.2785291893192494,0.20488820898341006,-0.07364098033583935
194,b39_role_inversion,b39,zoology,role_inversion,knn_local,15,5,10,0.20902292430400848,0.14321528375148773,0.2732653319835663,0.3825984299182892,0.3920694589614868,0.8602901101112366,role_inversion,entity_swap,True,0.4327012827571598,0.2177325624497264,-0.2149687203074334
195,b40_causal_substitution,b40,architecture,causal_substitution,knn_local,15,3,12,0.18740594387054443,0.11910580843687057,0.22414442896842957,0.33792364597320557,0.3540472686290741,0.8829812407493591,causal_substitution,causal_substitution,False,0.3233420650864694,0.22695792310177273,-0.09638414198469666
196,b40_definition_substitution,b40,architecture,definition_substitution,knn_local,15,8,7,0.12701314687728882,0.1504528671503067,0.20966066420078278,0.432602196931839,0.4614202380180359,0.9401444792747498,definition_substitution,role_inversion,True,0.2637414403305199,0.21418461959414561,-0.04955682073637427
197,b40_entity_swap,b40,architecture,entity_swap,knn_local,15,9,6,0.1724390834569931,0.14975637197494507,0.23097138106822968,0.4294680953025818,0.4780028164386749,0.9326490759849548,definition_substitution,role_inversion,True,0.20832508414007883,0.13944989049314827,-0.06887519364693057
198,b40_numeric_distortion,b40,architecture,numeric_distortion,knn_local,15,7,8,0.1225736141204834,0.11457881331443787,0.15780335664749146,0.23191961646080017,0.23561140894889832,0.8719533085823059,numeric_distortion,numeric_distortion,False,0.3318059679832475,0.2637774976349453,-0.06802847034830223
199,b40_role_inversion,b40,architecture,role_inversion,knn_local,15,9,6,0.19153951108455658,0.11902054399251938,0.2409793585538864,0.3067949116230011,0.3058794438838959,0.8259625434875488,role_inversion,definition_substitution,True,0.36036045476363315,0.17255886964692657,-0.18780158511670658
200,b41_causal_substitution,b41,genetics,causal_substitution,knn_local,15,14,1,0.1395534723997116,0.384152889251709,0.4220459461212158,0.41676998138427734,0.5049259662628174,0.7804041504859924,causal_substitution,entity_swap,True,0.28814881542379883,0.19227671753778172,-0.09587209788601711
201,b41_definition_substitution,b41,genetics,definition_substitution,knn_local,15,7,8,0.13718359172344208,0.14791424572467804,0.2154853492975235,0.3745765686035156,0.3986957371234894,0.9145005345344543,definition_substitution,role_inversion,True,0.2519390368350565,0.19975018559735455,-0.05218885123770192
202,b41_entity_swap,b41,genetics,entity_swap,knn_local,15,11,4,0.16634197533130646,0.21393810212612152,0.2711281478404999,0.5689114332199097,0.5884027481079102,0.9388052821159363,entity_swap,definition_substitution,True,0.2520870369679437,0.17128301747662333,-0.08080401949132038
203,b41_numeric_distortion,b41,genetics,numeric_distortion,knn_local,15,6,9,0.1400468647480011,0.11717937886714935,0.19076578319072723,0.29507073760032654,0.315663605928421,0.8923904299736023,numeric_distortion,role_inversion,True,0.258096090520414,0.1693774010000423,-0.08871868952037168
204,b41_role_inversion,b41,genetics,role_inversion,knn_local,15,5,10,0.17468032240867615,0.10730965435504913,0.2201414555311203,0.4063161611557007,0.39763206243515015,0.9158705472946167,role_inversion,role_inversion,False,0.3783747167152758,0.23014739693976985,-0.14822731977550593
205,b42_causal_substitution,b42,hydrology,causal_substitution,knn_local,15,11,4,0.12593942880630493,0.19221602380275726,0.2537218928337097,0.3773980438709259,0.40708374977111816,0.8850192427635193,causal_substitution,definition_substitution,True,0.31734519567941266,0.20281923690858727,-0.11452595877082539
206,b42_definition_substitution,b42,hydrology,definition_substitution,knn_local,15,3,12,0.16404372453689575,0.098670095205307,0.20096898078918457,0.32460084557533264,0.351931631565094,0.9038335084915161,definition_substitution,definition_substitution,False,0.28228544595007155,0.24381624998756335,-0.038469195962508196
207,b42_entity_swap,b42,hydrology,entity_swap,knn_local,15,3,12,0.2707982659339905,0.09346383810043335,0.2944207191467285,0.4877433776855469,0.5128546953201294,0.9037966132164001,entity_swap,causal_substitution,True,0.2797377927841986,0.20016474922454242,-0.07957304355965616
208,b42_numeric_distortion,b42,hydrology,numeric_distortion,knn_local,15,4,11,0.15242496132850647,0.09046941995620728,0.177303284406662,0.2585040330886841,0.2531161904335022,0.8650959134101868,numeric_distortion,numeric_distortion,False,0.33376502862344,0.24030658518159348,-0.0934584434418465
209,b42_role_inversion,b42,hydrology,role_inversion,knn_local,15,8,7,0.17575198411941528,0.1307714879512787,0.2241719663143158,0.3861325681209564,0.35526809096336365,0.9004424214363098,role_inversion,role_inversion,False,0.5227375808200918,0.3116209533907433,-0.2111166274293485
210,b43_causal_substitution,b43,political_science,causal_substitution,knn_local,15,4,11,0.16574537754058838,0.1104338988661766,0.23163242638111115,0.3258754312992096,0.34309595823287964,0.8663602471351624,causal_substitution,role_inversion,True,0.2752402928106485,0.19360005550750367,-0.08164023730314482
211,b43_definition_substitution,b43,political_science,definition_substitution,knn_local,15,4,11,0.1479978710412979,0.10333690047264099,0.15351435542106628,0.36073869466781616,0.3718535900115967,0.9510491490364075,definition_substitution,numeric_distortion,True,0.2622763012085338,0.23320960515226685,-0.02906669605626694
212,b43_entity_swap,b43,political_science,entity_swap,knn_local,15,12,3,0.1648714542388916,0.19119413197040558,0.22771047055721283,0.6256886720657349,0.6461755633354187,0.9644487500190735,entity_swap,causal_substitution,True,0.2759909662884358,0.20263929098488173,-0.07335167530355405
213,b43_numeric_distortion,b43,political_science,numeric_distortion,knn_local,15,7,8,0.13484543561935425,0.10010341554880142,0.1417735069990158,0.3302502930164337,0.31796813011169434,0.9468844532966614,numeric_distortion,numeric_distortion,False,0.3500110077062432,0.2858398464705848,-0.06417116123565841
214,b43_role_inversion,b43,political_science,role_inversion,knn_local,15,12,3,0.21550454199314117,0.1997947245836258,0.35600078105926514,0.5908385515213013,0.5995948910713196,0.899492084980011,role_inversion,entity_swap,True,0.48182382698188614,0.2052916060706813,-0.27653222091120483
215,b44_causal_substitution,b44,art,causal_substitution,knn_local,15,4,11,0.14493109285831451,0.09359055757522583,0.18413305282592773,0.27287328243255615,0.29297786951065063,0.8832500576972961,causal_substitution,definition_substitution,True,0.2341040472291383,0.1756310876408176,-0.05847295958832069
216,b44_definition_substitution,b44,art,definition_substitution,knn_local,15,3,12,0.1697397083044052,0.15069597959518433,0.2331073135137558,0.3656112551689148,0.4049133062362671,0.9019829630851746,definition_substitution,role_inversion,True,0.22638599156759995,0.18146238426437958,-0.04492360730322037
217,b44_entity_swap,b44,art,entity_swap,knn_local,15,8,7,0.1719343662261963,0.18332120776176453,0.27917924523353577,0.47990715503692627,0.5221719741821289,0.9160882830619812,entity_swap,role_inversion,True,0.27593786871113934,0.18879015914770958,-0.08714770956342976
218,b44_numeric_distortion,b44,art,numeric_distortion,knn_local,15,7,8,0.13939997553825378,0.11206941306591034,0.17965273559093475,0.2194833904504776,0.23958516120910645,0.8312191963195801,numeric_distortion,causal_substitution,True,0.26235500615068363,0.1773883434701839,-0.08496666268049974
219,b44_role_inversion,b44,art,role_inversion,knn_local,15,4,11,0.21363964676856995,0.10042338818311691,0.2518153786659241,0.3532138466835022,0.3830886483192444,0.8714966177940369,role_inversion,causal_substitution,True,0.2702092779467274,0.13869980826934822,-0.13150946967737917
220,b45_causal_substitution,b45,thermodynamics,causal_substitution,knn_local,15,11,4,0.13552361726760864,0.18043452501296997,0.2413644641637802,0.37685149908065796,0.40103602409362793,0.8935210704803467,causal_substitution,definition_substitution,True,0.2744718529423126,0.17683609922680166,-0.09763575371551092
221,b45_definition_substitution,b45,thermodynamics,definition_substitution,knn_local,15,11,4,0.13930457830429077,0.21258975565433502,0.27851471304893494,0.5466916561126709,0.5838097333908081,0.933802604675293,definition_substitution,causal_substitution,True,0.29079362587806096,0.23197852187015985,-0.0588151040079011
222,b45_entity_swap,b45,thermodynamics,entity_swap,knn_local,15,0,15,0.08277234435081482,0.1082419753074646,0.15476742386817932,0.406977117061615,0.4137987196445465,0.9601351022720337,entity_swap,role_inversion,True,0.2653111294931976,0.1879986522299539,-0.07731247726324367
223,b45_numeric_distortion,b45,thermodynamics,numeric_distortion,knn_local,15,14,1,0.12907379865646362,0.3643359839916229,0.35864728689193726,0.3565676212310791,0.4621877372264862,0.8143290877342224,numeric_distortion,numeric_distortion,False,0.42053844818559,0.40744274373301953,-0.013095704452570467
224,b45_role_inversion,b45,thermodynamics,role_inversion,knn_local,15,3,12,0.2260368913412094,0.12447912991046906,0.27591291069984436,0.3651767075061798,0.3966464698314667,0.8555998802185059,role_inversion,definition_substitution,True,0.36493600426309597,0.19020950137175469,-0.17472650289134128
225,b46_causal_substitution,b46,mycology,causal_substitution,knn_local,15,4,11,0.17629918456077576,0.1162857860326767,0.2205779105424881,0.28056925535202026,0.30206677317619324,0.8412632346153259,causal_substitution,role_inversion,True,0.3159367609515258,0.23201579626066082,-0.08392096469086496
226,b46_definition_substitution,b46,mycology,definition_substitution,knn_local,15,9,6,0.11667152494192123,0.13686884939670563,0.19342617690563202,0.30944791436195374,0.33879029750823975,0.9037361145019531,definition_substitution,role_inversion,True,0.24553643067199846,0.20010866401073968,-0.04542776666125878
227,b46_entity_swap,b46,mycology,entity_swap,knn_local,15,13,2,0.16326045989990234,0.2567557990550995,0.31088289618492126,0.5853430032730103,0.6250079274177551,0.9278500080108643,entity_swap,role_inversion,True,0.2859752846098793,0.18832143887794053,-0.09765384573193878
228,b46_numeric_distortion,b46,mycology,numeric_distortion,knn_local,15,4,11,0.16747918725013733,0.09591195732355118,0.18215525150299072,0.2471051663160324,0.26336488127708435,0.8586352467536926,numeric_distortion,numeric_distortion,False,0.30609123332212634,0.2447664681529677,-0.061324765169158635
229,b46_role_inversion,b46,mycology,role_inversion,knn_local,15,3,12,0.26884278655052185,0.11383214592933655,0.31131136417388916,0.2862798273563385,0.3411303162574768,0.7362959980964661,role_inversion,definition_substitution,True,0.30819884033286954,0.13446363837492034,-0.1737352019579492
230,b47_causal_substitution,b47,finance,causal_substitution,knn_local,15,6,9,0.1398751437664032,0.11488547176122665,0.20800679922103882,0.31152647733688354,0.31701987981796265,0.8769370317459106,causal_substitution,causal_substitution,False,0.30642620700334927,0.2384940619625417,-0.06793214504080758
231,b47_definition_substitution,b47,finance,definition_substitution,knn_local,15,5,10,0.16713470220565796,0.11484305560588837,0.1968315839767456,0.36598271131515503,0.39471763372421265,0.9274294376373291,definition_substitution,causal_substitution,True,0.25386863720217295,0.21983199092290087,-0.03403664627927208
232,b47_entity_swap,b47,finance,entity_swap,knn_local,15,12,3,0.16342228651046753,0.184052973985672,0.25995203852653503,0.5707104802131653,0.6182754039764404,0.9493439793586731,entity_swap,role_inversion,True,0.27414700176118456,0.1885745981994116,-0.08557240356177295
233,b47_numeric_distortion,b47,finance,numeric_distortion,knn_local,15,15,0,0.12478160113096237,0.024003006517887115,0.14424638450145721,0.3032057583332062,0.303893506526947,0.9364922642707825,numeric_distortion,entity_swap,True,0.23269758464307042,0.1574673807899719,-0.0752302038530985
234,b47_role_inversion,b47,finance,role_inversion,knn_local,15,3,12,0.308343768119812,0.09861880540847778,0.3690102994441986,0.49438902735710144,0.48020973801612854,0.839110255241394,role_inversion,role_inversion,False,0.6086198050642018,0.2812057714926021,-0.32741403357159965
235,b48_causal_substitution,b48,statistics,causal_substitution,knn_local,15,9,6,0.13881324231624603,0.17167773842811584,0.21467818319797516,0.3811967074871063,0.40997782349586487,0.9197110533714294,causal_substitution,numeric_distortion,True,0.27880096849104546,0.1980734059546429,-0.08072756253640256
236,b48_definition_substitution,b48,statistics,definition_substitution,knn_local,15,1,14,0.3656112551689148,0.155050128698349,0.40050235390663147,0.27274274826049805,0.3956719636917114,0.651978611946106,definition_substitution,role_inversion,True,0.21921851868164077,0.16916902066147155,-0.050049498020169225
237,b48_entity_swap,b48,statistics,entity_swap,knn_local,15,7,8,0.20617800951004028,0.13177898526191711,0.25708505511283875,0.48315009474754333,0.5223397016525269,0.9293862581253052,entity_swap,role_inversion,True,0.2832194527829633,0.19169437339244388,-0.0915250793905194
238,b48_numeric_distortion,b48,statistics,numeric_distortion,knn_local,15,7,8,0.1356637179851532,0.12865307927131653,0.19035840034484863,0.23775756359100342,0.28113844990730286,0.8616079092025757,definition_substitution,definition_substitution,False,0.2100846137208855,0.1399928381159161,-0.0700917756049694
239,b48_role_inversion,b48,statistics,role_inversion,knn_local,15,5,10,0.18587717413902283,0.12845779955387115,0.24577824771404266,0.4412243068218231,0.45359933376312256,0.9154943823814392,role_inversion,causal_substitution,True,0.33170726928070077,0.17908807737640553,-0.15261919190429524
240,b49_causal_substitution,b49,dentistry,causal_substitution,knn_local,15,1,14,0.30591854453086853,0.13864609599113464,0.3524673283100128,0.310604453086853,0.3926393985748291,0.741088330745697,causal_substitution,role_inversion,True,0.27519867739837683,0.1717181864063338,-0.10348049099204304
241,b49_definition_substitution,b49,dentistry,definition_substitution,knn_local,15,5,10,0.14357689023017883,0.15290158987045288,0.23067280650138855,0.3186732828617096,0.3467924892902374,0.8681613802909851,definition_substitution,role_inversion,True,0.2702491061726569,0.20631824252398182,-0.06393086364867509
242,b49_entity_swap,b49,dentistry,entity_swap,knn_local,15,1,14,0.4955044090747833,0.08784803003072739,0.5134250521659851,0.43979933857917786,0.6145697832107544,0.782207190990448,entity_swap,role_inversion,True,0.26474712523341265,0.18307705567980748,-0.08167006955360517
243,b49_numeric_distortion,b49,dentistry,numeric_distortion,knn_local,15,12,3,0.11545246094465256,0.205012708902359,0.22973008453845978,0.27121424674987793,0.3129681348800659,0.835399329662323,numeric_distortion,role_inversion,True,0.3274650432234491,0.2391698629269004,-0.0882951802965487
244,b49_role_inversion,b49,dentistry,role_inversion,knn_local,15,6,9,0.18704058229923248,0.10846071690320969,0.23195430636405945,0.25550395250320435,0.2709294855594635,0.7831220626831055,role_inversion,causal_substitution,True,0.3094696609110241,0.1675427712157404,-0.14192688969528372
245,b50_causal_substitution,b50,cartography,causal_substitution,knn_local,15,1,14,0.26804810762405396,0.09676972776651382,0.28906601667404175,0.28114840388298035,0.3691459894180298,0.8108661770820618,causal_substitution,causal_substitution,False,0.29536405912253216,0.23607899681730057,-0.05928506230523159
246,b50_definition_substitution,b50,cartography,definition_substitution,knn_local,15,5,10,0.13314096629619598,0.12225821614265442,0.18893660604953766,0.20585539937019348,0.2176441103219986,0.7774644494056702,definition_substitution,role_inversion,True,0.239920127868203,0.19949644244440964,-0.04042368542379335
247,b50_entity_swap,b50,cartography,entity_swap,knn_local,15,2,13,0.2507341504096985,0.08684425801038742,0.26384440064430237,0.36696943640708923,0.4258151352405548,0.8857839703559875,definition_substitution,definition_substitution,False,0.2285907092211943,0.1840226358542059,-0.0445680733669884
248,b50_numeric_distortion,b50,cartography,numeric_distortion,knn_local,15,2,13,0.20281314849853516,0.12947328388690948,0.27656668424606323,0.22596696019172668,0.2383313626050949,0.6019659638404846,numeric_distortion,role_inversion,True,0.30125190745385666,0.18129021587070024,-0.11996169158315642
249,b50_role_inversion,b50,cartography,role_inversion,knn_local,15,9,6,0.21096652746200562,0.13364392518997192,0.2920517027378082,0.5052872896194458,0.4800952970981598,0.9024195671081543,role_inversion,role_inversion,False,0.5510217323875956,0.2528903436056435,-0.29813138878195206
250,b51_causal_substitution,b51,neuroscience,causal_substitution,knn_local,15,5,10,0.1625603437423706,0.11178035289049149,0.21922148764133453,0.30591854453086853,0.3179677724838257,0.8617927432060242,causal_substitution,causal_substitution,False,0.3097279487677771,0.22257548794893708,-0.08715246081884001
251,b51_definition_substitution,b51,neuroscience,definition_substitution,knn_local,15,5,10,0.15028050541877747,0.11179400980472565,0.2113400250673294,0.31676605343818665,0.3574950695037842,0.8963947892189026,definition_substitution,entity_swap,True,0.24093520050671,0.198100583222508,-0.04283461728420199
252,b51_entity_swap,b51,neuroscience,entity_swap,knn_local,15,10,5,0.1505732536315918,0.17801371216773987,0.2427680641412735,0.5704475045204163,0.599413275718689,0.9527500867843628,entity_swap,role_inversion,True,0.282541066179935,0.20582054853491366,-0.07672051764502136
253,b51_numeric_distortion,b51,neuroscience,numeric_distortion,knn_local,15,5,10,0.13339193165302277,0.1008647233247757,0.1722414791584015,0.24967841804027557,0.25746816396713257,0.8706753849983215,numeric_distortion,causal_substitution,True,0.31024328135468365,0.22519116070333903,-0.08505212065134463
254,b51_role_inversion,b51,neuroscience,role_inversion,knn_local,15,10,5,0.17800426483154297,0.16559109091758728,0.25785279273986816,0.40791675448417664,0.4103294014930725,0.8882970213890076,role_inversion,role_inversion,False,0.41933539392970515,0.21922739234742492,-0.20010800158228023
255,b52_causal_substitution,b52,materials_science,causal_substitution,knn_local,15,3,12,0.17168238759040833,0.11634907126426697,0.18878567218780518,0.2844390273094177,0.3104453384876251,0.8903137445449829,causal_substitution,causal_substitution,False,0.29899480969928377,0.26305485036752807,-0.0359399593317557
256,b52_definition_substitution,b52,materials_science,definition_substitution,knn_local,15,5,10,0.13710691034793854,0.12500350177288055,0.1588013768196106,0.26353779435157776,0.29220834374427795,0.9132357239723206,definition_substitution,numeric_distortion,True,0.2388507848897365,0.22355475821914425,-0.015296026670592239
257,b52_entity_swap,b52,materials_science,entity_swap,knn_local,15,11,4,0.20372986793518066,0.1880555897951126,0.30887505412101746,0.6259228587150574,0.6640841960906982,0.9371991753578186,entity_swap,definition_substitution,True,0.31145756235880523,0.20721218588513354,-0.10424537647367169
258,b52_numeric_distortion,b52,materials_science,numeric_distortion,knn_local,15,4,11,0.17609773576259613,0.1235068216919899,0.19685238599777222,0.24699270725250244,0.25719186663627625,0.8292521238327026,numeric_distortion,definition_substitution,True,0.29203191405787904,0.21076733718261437,-0.08126457687526467
259,b52_role_inversion,b52,materials_science,role_inversion,knn_local,15,5,10,0.1697656363248825,0.10437654703855515,0.21254731714725494,0.44628041982650757,0.4308374226093292,0.9345381855964661,role_inversion,role_inversion,False,0.43092632878063386,0.27903020696818653,-0.15189612181244733
260,b53_causal_substitution,b53,agriculture,causal_substitution,knn_local,15,4,11,0.1536794900894165,0.15570580959320068,0.21535810828208923,0.3099725842475891,0.33869612216949463,0.8796835541725159,causal_substitution,entity_swap,True,0.26545118087262787,0.20934177524048084,-0.05610940563214703
261,b53_definition_substitution,b53,agriculture,definition_substitution,knn_local,15,9,6,0.12471045553684235,0.16858240962028503,0.20705606043338776,0.32489004731178284,0.3732490539550781,0.9102088212966919,definition_substitution,causal_substitution,True,0.2516656735149782,0.21625926052238303,-0.03540641299259517
262,b53_entity_swap,b53,agriculture,entity_swap,knn_local,15,12,3,0.19834472239017487,0.21161597967147827,0.33768561482429504,0.6775920391082764,0.7155454754829407,0.9353381991386414,entity_swap,entity_swap,False,0.35650301464406897,0.2511032799266923,-0.10539973471737668
263,b53_numeric_distortion,b53,agriculture,numeric_distortion,knn_local,15,2,13,0.22006146609783173,0.14065834879875183,0.25125640630722046,0.29256483912467957,0.31841886043548584,0.8129949569702148,numeric_distortion,causal_substitution,True,0.3077232895736899,0.2004117679205527,-0.10731152165313718
264,b53_role_inversion,b53,agriculture,role_inversion,knn_local,15,6,9,0.1969655156135559,0.14773303270339966,0.26148292422294617,0.420445054769516,0.4255855977535248,0.8926048278808594,role_inversion,role_inversion,False,0.47529795172921757,0.26407198997255116,-0.2112259617566664
265,b54_causal_substitution,b54,optics,causal_substitution,knn_local,15,0,15,0.0848497599363327,0.1144617572426796,0.14561133086681366,0.278074711561203,0.2790968716144562,0.9231705069541931,causal_substitution,causal_substitution,False,0.3061095260453866,0.2324824729430813,-0.0736270531023053
266,b54_definition_substitution,b54,optics,definition_substitution,knn_local,15,11,4,0.14051279425621033,0.22075822949409485,0.2793801724910736,0.5476793050765991,0.5909549593925476,0.9350661635398865,definition_substitution,definition_substitution,False,0.2946333451409477,0.241761884150455,-0.0528714609904927
267,b54_entity_swap,b54,optics,entity_swap,knn_local,15,1,14,0.43979933857917786,0.10334603488445282,0.46489471197128296,0.345547080039978,0.4834860861301422,0.69310462474823,entity_swap,role_inversion,True,0.2797239143852268,0.21552255392404726,-0.06420136046117955
268,b54_numeric_distortion,b54,optics,numeric_distortion,knn_local,15,3,12,0.16890181601047516,0.09915435314178467,0.20602378249168396,0.2781490683555603,0.2752412259578705,0.8441230058670044,numeric_distortion,numeric_distortion,False,0.37163455837677817,0.27105403850501614,-0.10058051987176203
269,b54_role_inversion,b54,optics,role_inversion,knn_local,15,4,11,0.22608770430088043,0.12067322432994843,0.28843221068382263,0.31996282935142517,0.34844449162483215,0.7937697172164917,role_inversion,causal_substitution,True,0.37313818261876547,0.1741884182805461,-0.19894976433821937
270,b55_causal_substitution,b55,immunology,causal_substitution,knn_local,15,14,1,0.14169444143772125,0.43724051117897034,0.4963986277580261,0.42829182744026184,0.5230556726455688,0.7106819152832031,causal_substitution,definition_substitution,True,0.3127065533340577,0.14267059124816395,-0.17003596208589378
271,b55_definition_substitution,b55,immunology,definition_substitution,knn_local,15,10,5,0.14527906477451324,0.17727869749069214,0.256506085395813,0.6458037495613098,0.6784123778343201,0.9589763879776001,definition_substitution,definition_substitution,False,0.3103109924812415,0.24680606545826167,-0.06350492702297983
272,b55_entity_swap,b55,immunology,entity_swap,knn_local,15,4,11,0.23186175525188446,0.10165227949619293,0.2580735683441162,0.5000668168067932,0.5400821566581726,0.9336071610450745,entity_swap,role_inversion,True,0.2528168241985135,0.20543211205899675,-0.04738471213951673
273,b55_numeric_distortion,b55,immunology,numeric_distortion,knn_local,15,15,0,0.12103205174207687,0.024003006517887115,0.1407558172941208,0.3941285014152527,0.38231685757637024,0.9634831547737122,numeric_distortion,numeric_distortion,False,0.38824344038349023,0.27290345104317376,-0.11533998934031647
274,b55_role_inversion,b55,immunology,role_inversion,knn_local,15,5,10,0.22050051391124725,0.10769450664520264,0.2683803141117096,0.3584102392196655,0.3701709806919098,0.8478310704231262,role_inversion,entity_swap,True,0.36242443610401487,0.16689432983281552,-0.19553010627119935
275,b56_causal_substitution,b56,seismology,causal_substitution,knn_local,15,2,13,0.22117076814174652,0.09567129611968994,0.24689550697803497,0.31651023030281067,0.35738641023635864,0.8558225631713867,causal_substitution,entity_swap,True,0.24284781447904333,0.18116668529502844,-0.06168112918401489
276,b56_definition_substitution,b56,seismology,definition_substitution,knn_local,15,5,10,0.14335691928863525,0.10364939272403717,0.16745136678218842,0.296735554933548,0.3232233226299286,0.9214335680007935,definition_substitution,numeric_distortion,True,0.2568567464265343,0.21868308116362556,-0.03817366526290872
277,b56_entity_swap,b56,seismology,entity_swap,knn_local,15,6,9,0.1953388750553131,0.10972657799720764,0.24227024614810944,0.5249429941177368,0.5363332629203796,0.9415967464447021,entity_swap,causal_substitution,True,0.3142561956587181,0.2315953860034496,-0.08266080965526851
278,b56_numeric_distortion,b56,seismology,numeric_distortion,knn_local,15,10,5,0.10669546574354172,0.13459712266921997,0.15223349630832672,0.3388272225856781,0.33317840099334717,0.9424037933349609,numeric_distortion,numeric_distortion,False,0.4039060836615938,0.3461640453897178,-0.05774203827187602
279,b56_role_inversion,b56,seismology,role_inversion,knn_local,15,8,7,0.2081751823425293,0.14104175567626953,0.29773855209350586,0.48729532957077026,0.45192694664001465,0.8896254897117615,role_inversion,role_inversion,False,0.573565786735373,0.2824497465365863,-0.2911160401987867
280,b57_causal_substitution,b57,navigation,causal_substitution,knn_local,15,12,3,0.13305246829986572,0.22105596959590912,0.28199729323387146,0.3381381332874298,0.38012269139289856,0.8328508138656616,causal_substitution,definition_substitution,True,0.29032028728928505,0.16955474682341024,-0.12076554046587482
281,b57_definition_substitution,b57,navigation,definition_substitution,knn_local,15,8,7,0.13770103454589844,0.14904750883579254,0.2009698897600174,0.2948869466781616,0.3497447073459625,0.9044488668441772,definition_substitution,role_inversion,True,0.21503553432097167,0.17182028020265705,-0.04321525411831462
282,b57_entity_swap,b57,navigation,entity_swap,knn_local,15,8,7,0.18212826550006866,0.14941275119781494,0.26659095287323,0.5506227016448975,0.601098358631134,0.9434563517570496,entity_swap,role_inversion,True,0.24926609466676736,0.17053068906671376,-0.0787354056000536
283,b57_numeric_distortion,b57,navigation,numeric_distortion,knn_local,15,6,9,0.11296698451042175,0.10749614983797073,0.15421001613140106,0.22680087387561798,0.24148200452327728,0.8798473477363586,numeric_distortion,numeric_distortion,False,0.3101935057198674,0.2644740303964438,-0.04571947532342363
284,b57_role_inversion,b57,navigation,role_inversion,knn_local,15,3,12,0.24836347997188568,0.09448438882827759,0.28881770372390747,0.3615334928035736,0.4060152471065521,0.8469130396842957,role_inversion,definition_substitution,True,0.2890527915575008,0.13097679597839615,-0.15807599557910465
285,b58_causal_substitution,b58,education,causal_substitution,knn_local,15,8,7,0.11665420234203339,0.11701936274766922,0.1840423345565796,0.29843878746032715,0.3105650842189789,0.8980104923248291,causal_substitution,role_inversion,True,0.2567212213610784,0.1835081785334012,-0.07321304282767718
286,b58_definition_substitution,b58,education,definition_substitution,knn_local,15,2,13,0.18122370541095734,0.0874861404299736,0.1972365379333496,0.36817800998687744,0.3682863712310791,0.9193093180656433,definition_substitution,numeric_distortion,True,0.27804788776803485,0.23753334543081653,-0.04051454233721832
287,b58_entity_swap,b58,education,entity_swap,knn_local,15,11,4,0.17013205587863922,0.1911853402853012,0.27051979303359985,0.5494669079780579,0.5920686721801758,0.9395223259925842,entity_swap,role_inversion,True,0.2516596537625093,0.15581283175283306,-0.09584682200967626
288,b58_numeric_distortion,b58,education,numeric_distortion,knn_local,15,6,9,0.13841424882411957,0.10803264379501343,0.1868254393339157,0.33987313508987427,0.30576780438423157,0.9111346006393433,numeric_distortion,numeric_distortion,False,0.4089586063074299,0.2944667018729491,-0.11449190443448082
289,b58_role_inversion,b58,education,role_inversion,knn_local,15,11,4,0.2123018354177475,0.14888058602809906,0.30596527457237244,0.5380350351333618,0.5286861658096313,0.9075925946235657,role_inversion,causal_substitution,True,0.4537882752747869,0.19775514322489857,-0.2560331320498883
290,b59_causal_substitution,b59,climatology,causal_substitution,knn_local,15,11,4,0.13048329949378967,0.19221602380275726,0.2510761022567749,0.2523210346698761,0.32437393069267273,0.8150931596755981,causal_substitution,entity_swap,True,0.2247137601018209,0.1388443001004198,-0.08586946000140111
291,b59_definition_substitution,b59,climatology,definition_substitution,knn_local,15,1,14,0.4420521557331085,0.08680126070976257,0.46634742617607117,0.27496761083602905,0.4533895254135132,0.6370419859886169,definition_substitution,causal_substitution,True,0.24321313843090117,0.17221143566589311,-0.07100170276500806
292,b59_entity_swap,b59,climatology,entity_swap,knn_local,15,12,3,0.1579185575246811,0.2590647339820862,0.31846630573272705,0.5088335275650024,0.5510671138763428,0.9014530181884766,entity_swap,role_inversion,True,0.22663449220972667,0.13644256883442762,-0.09019192337529905
293,b59_numeric_distortion,b59,climatology,numeric_distortion,knn_local,15,2,13,0.18378841876983643,0.10939671099185944,0.22334754467010498,0.23535721004009247,0.2818051874637604,0.8047308325767517,definition_substitution,role_inversion,True,0.21094198011728482,0.14942931890034705,-0.06151266121693777
294,b59_role_inversion,b59,climatology,role_inversion,knn_local,15,13,2,0.1818080097436905,0.20764471590518951,0.2744095027446747,0.2971592843532562,0.32230398058891296,0.782176673412323,role_inversion,causal_substitution,True,0.39151342602509887,0.20654013640343763,-0.18497328962166124
295,b60_causal_substitution,b60,cell_biology,causal_substitution,knn_local,15,6,9,0.13082154095172882,0.09003473073244095,0.16329354047775269,0.24448883533477783,0.26505178213119507,0.887533962726593,causal_substitution,numeric_distortion,True,0.26964293142933476,0.19868692512608294,-0.07095600630325183
296,b60_definition_substitution,b60,cell_biology,definition_substitution,knn_local,15,6,9,0.12694264948368073,0.11297474056482315,0.1432846188545227,0.2490454465150833,0.2729513943195343,0.9192605018615723,definition_substitution,numeric_distortion,True,0.22560871163497298,0.19806137754776418,-0.027547334087208802
297,b60_entity_swap,b60,cell_biology,entity_swap,knn_local,15,11,4,0.17190766334533691,0.16129222512245178,0.24388572573661804,0.44907233119010925,0.4873981475830078,0.9269253015518188,entity_swap,causal_substitution,True,0.29227853734502657,0.20607522957059266,-0.08620330777443391
298,b60_numeric_distortion,b60,cell_biology,numeric_distortion,knn_local,15,15,0,0.12374972552061081,0.024003006517887115,0.14397354423999786,0.2710871696472168,0.27431520819664,0.9216729998588562,definition_substitution,entity_swap,True,0.20339719949681534,0.1327480426914085,-0.07064915680540684
299,b60_role_inversion,b60,cell_biology,role_inversion,knn_local,15,0,15,0.15003369748592377,0.08365989476442337,0.21017256379127502,0.3898395001888275,0.358976811170578,0.9146276712417603,role_inversion,numeric_distortion,True,0.39689268279950785,0.17708357760960292,-0.21980910518990493
