pair_id,question,error_family,truthful_sample_id,hallucinated_sample_id,truthful_answer,hallucinated_answer,delta_norm,base_id,residual_umap_pc1,residual_umap_pc2
b01_causal_substitution,Evaluate the short factual answer below for the given knowledge item.,causal_substitution,truthful_b01_causal_substitution,hallucinated_b01_causal_substitution,"In this case, mercury is the planet closest to the Sun. It has the shortest orbital period in the Solar System.","In this case, mercury is the planet closest to the Sun because it has the brightest clouds. It has the shortest orbital period in the Solar System.",0.4367680847644806,b01,11.721447,5.648234
b01_definition_substitution,Evaluate the short factual answer below for the given knowledge item.,definition_substitution,truthful_b01_definition_substitution,hallucinated_b01_definition_substitution,A concise response would be that mercury is the planet closest to the Sun. It has the shortest orbital period in the Solar System.,A concise response would be that mercury is the star closest to the Sun. It has the shortest orbital period in the Solar System.,0.272483766078949,b01,9.434821,6.8495584
b01_entity_swap,Evaluate the short factual answer below for the given knowledge item.,entity_swap,truthful_b01_entity_swap,hallucinated_b01_entity_swap,Mercury is the planet closest to the Sun. It has the shortest orbital period in the Solar System.,Venus is the planet closest to the Sun. It has the shortest orbital period in the Solar System.,0.6653795838356018,b01,10.643551,7.271352
b01_numeric_distortion,Evaluate the short factual answer below for the given knowledge item.,numeric_distortion,truthful_b01_numeric_distortion,hallucinated_b01_numeric_distortion,The short answer is: Mercury is the planet closest to the Sun. It has the shortest orbital period in the Solar System.,The short answer is: Mercury is the second planet closest to the Sun. It has the shortest orbital period in the Solar System.,0.1962934136390686,b01,8.703515,7.88986
b01_role_inversion,Evaluate the short factual answer below for the given knowledge item.,role_inversion,truthful_b01_role_inversion,hallucinated_b01_role_inversion,The relevant fact is that mercury is the planet closest to the Sun. It has the shortest orbital period in the Solar System.,The relevant fact is that the Sun is the object closest to Mercury rather than Mercury being the planet closest to the Sun. It has the shortest orbital period in the Solar System.,0.2507108747959137,b01,10.225785,4.648025
b02_causal_substitution,Evaluate the short factual answer below for the given knowledge item.,causal_substitution,truthful_b02_causal_substitution,hallucinated_b02_causal_substitution,The relevant fact is that the heart is the organ that pumps blood through the human body. Its contractions drive circulation through the vascular system.,The relevant fact is that the heart is the organ that pumps blood through the human body because it stores oxygen like a reservoir. Its contractions drive circulation through the vascular system.,0.25112250447273254,b02,10.729205,6.510761
b02_definition_substitution,Evaluate the short factual answer below for the given knowledge item.,definition_substitution,truthful_b02_definition_substitution,hallucinated_b02_definition_substitution,"In this case, the heart is the organ that pumps blood through the human body. Its contractions drive circulation through the vascular system.","In this case, the heart is the gland that pumps blood through the human body. Its contractions drive circulation through the vascular system.",0.24104857444763184,b02,9.787272,6.3201203
b02_entity_swap,Evaluate the short factual answer below for the given knowledge item.,entity_swap,truthful_b02_entity_swap,hallucinated_b02_entity_swap,The short answer is: The heart is the organ that pumps blood through the human body. Its contractions drive circulation through the vascular system.,The short answer is: The liver is the organ that pumps blood through the human body. Its contractions drive circulation through the vascular system.,0.6170546412467957,b02,9.143497,7.0899377
b02_numeric_distortion,Evaluate the short factual answer below for the given knowledge item.,numeric_distortion,truthful_b02_numeric_distortion,hallucinated_b02_numeric_distortion,A concise response would be that the heart is the organ that pumps blood through the human body. Its contractions drive circulation through the vascular system.,A concise response would be that the heart is the organ that pumps blood through the human body's three main chambers. Its contractions drive circulation through the vascular system.,0.348931223154068,b02,9.1648035,6.506019
b02_role_inversion,Evaluate the short factual answer below for the given knowledge item.,role_inversion,truthful_b02_role_inversion,hallucinated_b02_role_inversion,The heart is the organ that pumps blood through the human body. Its contractions drive circulation through the vascular system.,Blood pumps the heart through the human body rather than the heart pumping blood through the body. Its contractions drive circulation through the vascular system.,0.5706138014793396,b02,11.035081,4.4837317
b03_causal_substitution,Evaluate the short factual answer below for the given knowledge item.,causal_substitution,truthful_b03_causal_substitution,hallucinated_b03_causal_substitution,Gold has the chemical symbol Au. The abbreviation comes from the Latin word aurum.,Gold has the chemical symbol Au because its atoms are heavier than silver. The abbreviation comes from the Latin word aurum.,0.32590630650520325,b03,11.957683,5.7638865
b03_definition_substitution,Evaluate the short factual answer below for the given knowledge item.,definition_substitution,truthful_b03_definition_substitution,hallucinated_b03_definition_substitution,The relevant fact is that gold has the chemical symbol Au. The abbreviation comes from the Latin word aurum.,The relevant fact is that gold has the chemical formula Au. The abbreviation comes from the Latin word aurum.,0.16634944081306458,b03,10.108382,7.078833
b03_entity_swap,Evaluate the short factual answer below for the given knowledge item.,entity_swap,truthful_b03_entity_swap,hallucinated_b03_entity_swap,A concise response would be that gold has the chemical symbol Au. The abbreviation comes from the Latin word aurum.,A concise response would be that gold has the chemical symbol Ag. The abbreviation comes from the Latin word aurum.,0.23089714348316193,b03,8.889317,6.762853
b03_numeric_distortion,Evaluate the short factual answer below for the given knowledge item.,numeric_distortion,truthful_b03_numeric_distortion,hallucinated_b03_numeric_distortion,"In this case, gold has the chemical symbol Au. The abbreviation comes from the Latin word aurum.","In this case, gold has the chemical symbol Au2. The abbreviation comes from the Latin word aurum.",0.20023629069328308,b03,8.944395,7.476236
b03_role_inversion,Evaluate the short factual answer below for the given knowledge item.,role_inversion,truthful_b03_role_inversion,hallucinated_b03_role_inversion,The short answer is: Gold has the chemical symbol Au. The abbreviation comes from the Latin word aurum.,The short answer is: Au has the chemical symbol gold rather than gold having the chemical symbol Au. The abbreviation comes from the Latin word aurum.,0.4180067479610443,b03,10.854373,4.4407616
b04_causal_substitution,Evaluate the short factual answer below for the given knowledge item.,causal_substitution,truthful_b04_causal_substitution,hallucinated_b04_causal_substitution,The short answer is: Lisbon is the capital of Portugal. It lies on the western side of the Iberian Peninsula.,The short answer is: Lisbon is the capital of Portugal because it is the country's tallest mountain. It lies on the western side of the Iberian Peninsula.,0.47882431745529175,b04,12.242396,5.9397674
b04_definition_substitution,Evaluate the short factual answer below for the given knowledge item.,definition_substitution,truthful_b04_definition_substitution,hallucinated_b04_definition_substitution,Lisbon is the capital of Portugal. It lies on the western side of the Iberian Peninsula.,Lisbon is the largest province of Portugal. It lies on the western side of the Iberian Peninsula.,0.44084659218788147,b04,8.712176,6.504219
b04_entity_swap,Evaluate the short factual answer below for the given knowledge item.,entity_swap,truthful_b04_entity_swap,hallucinated_b04_entity_swap,"In this case, lisbon is the capital of Portugal. It lies on the western side of the Iberian Peninsula.","In this case, madrid is the capital of Portugal. It lies on the western side of the Iberian Peninsula.",0.5697066187858582,b04,9.94878,6.4121175
b04_numeric_distortion,Evaluate the short factual answer below for the given knowledge item.,numeric_distortion,truthful_b04_numeric_distortion,hallucinated_b04_numeric_distortion,The relevant fact is that lisbon is the capital of Portugal. It lies on the western side of the Iberian Peninsula.,The relevant fact is that lisbon is one of the two capitals of Portugal. It lies on the western side of the Iberian Peninsula.,0.199143186211586,b04,8.564325,7.518848
b04_role_inversion,Evaluate the short factual answer below for the given knowledge item.,role_inversion,truthful_b04_role_inversion,hallucinated_b04_role_inversion,A concise response would be that lisbon is the capital of Portugal. It lies on the western side of the Iberian Peninsula.,A concise response would be that portugal is the capital of Lisbon rather than Lisbon being the capital of Portugal. It lies on the western side of the Iberian Peninsula.,0.4401920735836029,b04,9.850996,5.493508
b05_causal_substitution,Evaluate the short factual answer below for the given knowledge item.,causal_substitution,truthful_b05_causal_substitution,hallucinated_b05_causal_substitution,A concise response would be that day and night alternate because Earth rotates on its axis. The cycle repeats over roughly twenty-four hours.,A concise response would be that day and night alternate because the Moon covers different parts of the sky on a schedule. The cycle repeats over roughly twenty-four hours.,0.43010300397872925,b05,9.846813,5.507703
b05_definition_substitution,Evaluate the short factual answer below for the given knowledge item.,definition_substitution,truthful_b05_definition_substitution,hallucinated_b05_definition_substitution,The short answer is: Day and night alternate because Earth rotates on its axis. The cycle repeats over roughly twenty-four hours.,The short answer is: Day and night alternate because Earth revolves on its axis. The cycle repeats over roughly twenty-four hours.,0.06505557894706726,b05,10.55628,5.8315625
b05_entity_swap,Evaluate the short factual answer below for the given knowledge item.,entity_swap,truthful_b05_entity_swap,hallucinated_b05_entity_swap,The relevant fact is that day and night alternate because Earth rotates on its axis. The cycle repeats over roughly twenty-four hours.,The relevant fact is that day and night alternate because Mars rotates on its axis. The cycle repeats over roughly twenty-four hours.,0.6341157555580139,b05,8.444981,7.7495246
b05_numeric_distortion,Evaluate the short factual answer below for the given knowledge item.,numeric_distortion,truthful_b05_numeric_distortion,hallucinated_b05_numeric_distortion,Day and night alternate because Earth rotates on its axis. The cycle repeats over roughly twenty-four hours.,Day and night alternate because Earth rotates on its axis every twelve hours. The cycle repeats over roughly twenty-four hours.,0.11890648305416107,b05,9.767683,6.0533066
b05_role_inversion,Evaluate the short factual answer below for the given knowledge item.,role_inversion,truthful_b05_role_inversion,hallucinated_b05_role_inversion,"In this case, day and night alternate because Earth rotates on its axis. The cycle repeats over roughly twenty-four hours.","In this case, earth rotates because day and night alternate rather than day and night alternating because Earth rotates. The cycle repeats over roughly twenty-four hours.",0.46141597628593445,b05,10.958326,5.733669
b06_causal_substitution,Evaluate the short factual answer below for the given knowledge item.,causal_substitution,truthful_b06_causal_substitution,hallucinated_b06_causal_substitution,"In this case, jane Austen wrote Pride and Prejudice. The novel is a standard work in English literature courses.","In this case, jane Austen wrote Pride and Prejudice because the title was assigned to her by a royal court. The novel is a standard work in English literature courses.",0.5659603476524353,b06,12.41158,5.898113
b06_definition_substitution,Evaluate the short factual answer below for the given knowledge item.,definition_substitution,truthful_b06_definition_substitution,hallucinated_b06_definition_substitution,A concise response would be that jane Austen wrote Pride and Prejudice. The novel is a standard work in English literature courses.,A concise response would be that jane Austen translated Pride and Prejudice. The novel is a standard work in English literature courses.,0.5837376713752747,b06,9.265181,6.537254
b06_entity_swap,Evaluate the short factual answer below for the given knowledge item.,entity_swap,truthful_b06_entity_swap,hallucinated_b06_entity_swap,Jane Austen wrote Pride and Prejudice. The novel is a standard work in English literature courses.,Charlotte Bronte wrote Pride and Prejudice. The novel is a standard work in English literature courses.,0.34795254468917847,b06,10.101522,6.75018
b06_numeric_distortion,Evaluate the short factual answer below for the given knowledge item.,numeric_distortion,truthful_b06_numeric_distortion,hallucinated_b06_numeric_distortion,The short answer is: Jane Austen wrote Pride and Prejudice. The novel is a standard work in English literature courses.,The short answer is: Jane Austen wrote the three-volume poem Pride and Prejudice. The novel is a standard work in English literature courses.,0.40334513783454895,b06,8.605137,6.9918337
b06_role_inversion,Evaluate the short factual answer below for the given knowledge item.,role_inversion,truthful_b06_role_inversion,hallucinated_b06_role_inversion,The relevant fact is that jane Austen wrote Pride and Prejudice. The novel is a standard work in English literature courses.,The relevant fact is that pride and Prejudice wrote Jane Austen rather than Jane Austen writing Pride and Prejudice. The novel is a standard work in English literature courses.,0.5817158222198486,b06,9.592984,4.9051843
b07_causal_substitution,Evaluate the short factual answer below for the given knowledge item.,causal_substitution,truthful_b07_causal_substitution,hallucinated_b07_causal_substitution,The relevant fact is that the mantle is the layer directly beneath Earth's crust. It is made largely of hot rock over geological timescales.,The relevant fact is that the mantle is the layer directly beneath Earth's crust because sunlight pushes it downward. It is made largely of hot rock over geological timescales.,0.21184031665325165,b07,10.221646,7.553363
b07_definition_substitution,Evaluate the short factual answer below for the given knowledge item.,definition_substitution,truthful_b07_definition_substitution,hallucinated_b07_definition_substitution,"In this case, the mantle is the layer directly beneath Earth's crust. It is made largely of hot rock over geological timescales.","In this case, the mantle is the atmosphere directly beneath Earth's crust. It is made largely of hot rock over geological timescales.",0.25003859400749207,b07,10.043397,7.6459723
b07_entity_swap,Evaluate the short factual answer below for the given knowledge item.,entity_swap,truthful_b07_entity_swap,hallucinated_b07_entity_swap,The short answer is: The mantle is the layer directly beneath Earth's crust. It is made largely of hot rock over geological timescales.,The short answer is: The core is the layer directly beneath Earth's crust. It is made largely of hot rock over geological timescales.,0.766431987285614,b07,9.693517,7.697624
b07_numeric_distortion,Evaluate the short factual answer below for the given knowledge item.,numeric_distortion,truthful_b07_numeric_distortion,hallucinated_b07_numeric_distortion,A concise response would be that the mantle is the layer directly beneath Earth's crust. It is made largely of hot rock over geological timescales.,A concise response would be that the mantle is the second layer directly beneath Earth's crust. It is made largely of hot rock over geological timescales.,0.29520365595817566,b07,9.080041,7.944674
b07_role_inversion,Evaluate the short factual answer below for the given knowledge item.,role_inversion,truthful_b07_role_inversion,hallucinated_b07_role_inversion,The mantle is the layer directly beneath Earth's crust. It is made largely of hot rock over geological timescales.,Earth's crust is the layer directly beneath the mantle rather than the mantle being directly beneath the crust. It is made largely of hot rock over geological timescales.,0.5415797233581543,b07,10.141097,4.988984
b08_causal_substitution,Evaluate the short factual answer below for the given knowledge item.,causal_substitution,truthful_b08_causal_substitution,hallucinated_b08_causal_substitution,A thermometer measures body temperature. Clinicians use it when checking for fever.,A thermometer measures body temperature because it listens to the heartbeat. Clinicians use it when checking for fever.,0.23837433755397797,b08,11.391678,6.107879
b08_definition_substitution,Evaluate the short factual answer below for the given knowledge item.,definition_substitution,truthful_b08_definition_substitution,hallucinated_b08_definition_substitution,The relevant fact is that a thermometer measures body temperature. Clinicians use it when checking for fever.,The relevant fact is that a thermometer is a treatment for body temperature. Clinicians use it when checking for fever.,0.21981076896190643,b08,9.201227,7.190917
b08_entity_swap,Evaluate the short factual answer below for the given knowledge item.,entity_swap,truthful_b08_entity_swap,hallucinated_b08_entity_swap,A concise response would be that a thermometer measures body temperature. Clinicians use it when checking for fever.,A concise response would be that a stethoscope measures body temperature. Clinicians use it when checking for fever.,0.48726582527160645,b08,12.097859,7.526527
b08_numeric_distortion,Evaluate the short factual answer below for the given knowledge item.,numeric_distortion,truthful_b08_numeric_distortion,hallucinated_b08_numeric_distortion,"In this case, a thermometer measures body temperature. Clinicians use it when checking for fever.","In this case, a thermometer measures the body's ten-point temperature scale. Clinicians use it when checking for fever.",0.3410540521144867,b08,8.083378,7.736808
b08_role_inversion,Evaluate the short factual answer below for the given knowledge item.,role_inversion,truthful_b08_role_inversion,hallucinated_b08_role_inversion,The short answer is: A thermometer measures body temperature. Clinicians use it when checking for fever.,The short answer is: Body temperature measures a thermometer rather than a thermometer measuring body temperature. Clinicians use it when checking for fever.,0.5735263824462891,b08,11.227833,6.53602
b09_causal_substitution,Evaluate the short factual answer below for the given knowledge item.,causal_substitution,truthful_b09_causal_substitution,hallucinated_b09_causal_substitution,The short answer is: The Bill of Rights contains ten amendments. These amendments protect a set of foundational civil liberties.,The short answer is: The Bill of Rights contains ten amendments because the Supreme Court rewrites them daily. These amendments protect a set of foundational civil liberties.,0.40534284710884094,b09,11.317205,6.9920545
b09_definition_substitution,Evaluate the short factual answer below for the given knowledge item.,definition_substitution,truthful_b09_definition_substitution,hallucinated_b09_definition_substitution,The Bill of Rights contains ten amendments. These amendments protect a set of foundational civil liberties.,The Bill of Rights contains ten court rulings. These amendments protect a set of foundational civil liberties.,0.34333786368370056,b09,9.819151,7.305999
b09_entity_swap,Evaluate the short factual answer below for the given knowledge item.,entity_swap,truthful_b09_entity_swap,hallucinated_b09_entity_swap,"In this case, the Bill of Rights contains ten amendments. These amendments protect a set of foundational civil liberties.","In this case, the Constitution contains ten amendments. These amendments protect a set of foundational civil liberties.",0.4095703065395355,b09,9.677746,6.8312073
b09_numeric_distortion,Evaluate the short factual answer below for the given knowledge item.,numeric_distortion,truthful_b09_numeric_distortion,hallucinated_b09_numeric_distortion,The relevant fact is that the Bill of Rights contains ten amendments. These amendments protect a set of foundational civil liberties.,The relevant fact is that the Bill of Rights contains twelve amendments. These amendments protect a set of foundational civil liberties.,0.25818800926208496,b09,10.242343,6.923284
b09_role_inversion,Evaluate the short factual answer below for the given knowledge item.,role_inversion,truthful_b09_role_inversion,hallucinated_b09_role_inversion,A concise response would be that the Bill of Rights contains ten amendments. These amendments protect a set of foundational civil liberties.,A concise response would be that ten amendments contain the Bill of Rights rather than the Bill of Rights containing ten amendments. These amendments protect a set of foundational civil liberties.,0.6189640164375305,b09,9.7296,4.6806817
b10_causal_substitution,Evaluate the short factual answer below for the given knowledge item.,causal_substitution,truthful_b10_causal_substitution,hallucinated_b10_causal_substitution,A concise response would be that an antonym is a word with an opposite meaning. This concept is taught in basic vocabulary study.,A concise response would be that an antonym is a word with an opposite meaning because opposite words always rhyme. This concept is taught in basic vocabulary study.,0.3228704631328583,b10,11.958468,7.0436807
b10_definition_substitution,Evaluate the short factual answer below for the given knowledge item.,definition_substitution,truthful_b10_definition_substitution,hallucinated_b10_definition_substitution,The short answer is: An antonym is a word with an opposite meaning. This concept is taught in basic vocabulary study.,The short answer is: An antonym is a sentence with an opposite meaning. This concept is taught in basic vocabulary study.,0.2738617956638336,b10,9.010948,6.5854626
b10_entity_swap,Evaluate the short factual answer below for the given knowledge item.,entity_swap,truthful_b10_entity_swap,hallucinated_b10_entity_swap,The relevant fact is that an antonym is a word with an opposite meaning. This concept is taught in basic vocabulary study.,The relevant fact is that a synonym is a word with an opposite meaning. This concept is taught in basic vocabulary study.,0.6787667274475098,b10,10.819518,7.6064067
b10_numeric_distortion,Evaluate the short factual answer below for the given knowledge item.,numeric_distortion,truthful_b10_numeric_distortion,hallucinated_b10_numeric_distortion,An antonym is a word with an opposite meaning. This concept is taught in basic vocabulary study.,An antonym is a word with two opposite meanings at once. This concept is taught in basic vocabulary study.,0.2503452003002167,b10,8.9415865,7.8438005
b10_role_inversion,Evaluate the short factual answer below for the given knowledge item.,role_inversion,truthful_b10_role_inversion,hallucinated_b10_role_inversion,"In this case, an antonym is a word with an opposite meaning. This concept is taught in basic vocabulary study.","In this case, an opposite meaning is a word with an antonym rather than an antonym being a word with an opposite meaning. This concept is taught in basic vocabulary study.",0.47227171063423157,b10,10.400192,5.357022
b11_causal_substitution,Evaluate the short factual answer below for the given knowledge item.,causal_substitution,truthful_b11_causal_substitution,hallucinated_b11_causal_substitution,"In this case, a triangle has three sides. This is one of the most basic geometric definitions.","In this case, a triangle has three sides because parallel lines force it to close that way. This is one of the most basic geometric definitions.",0.5004549622535706,b11,11.779702,6.2745323
b11_definition_substitution,Evaluate the short factual answer below for the given knowledge item.,definition_substitution,truthful_b11_definition_substitution,hallucinated_b11_definition_substitution,A concise response would be that a triangle has three sides. This is one of the most basic geometric definitions.,A concise response would be that a triangle is a curve with three sides. This is one of the most basic geometric definitions.,0.33772677183151245,b11,8.219473,5.987833
b11_entity_swap,Evaluate the short factual answer below for the given knowledge item.,entity_swap,truthful_b11_entity_swap,hallucinated_b11_entity_swap,A triangle has three sides. This is one of the most basic geometric definitions.,A square has three sides. This is one of the most basic geometric definitions.,0.7421777844429016,b11,11.782022,7.632971
b11_numeric_distortion,Evaluate the short factual answer below for the given knowledge item.,numeric_distortion,truthful_b11_numeric_distortion,hallucinated_b11_numeric_distortion,The short answer is: A triangle has three sides. This is one of the most basic geometric definitions.,The short answer is: A triangle has four sides. This is one of the most basic geometric definitions.,0.34760525822639465,b11,10.4418335,5.9656854
b11_role_inversion,Evaluate the short factual answer below for the given knowledge item.,role_inversion,truthful_b11_role_inversion,hallucinated_b11_role_inversion,The relevant fact is that a triangle has three sides. This is one of the most basic geometric definitions.,The relevant fact is that three sides have a triangle rather than a triangle having three sides. This is one of the most basic geometric definitions.,0.3872946798801422,b11,9.825447,4.4777975
b12_causal_substitution,Evaluate the short factual answer below for the given knowledge item.,causal_substitution,truthful_b12_causal_substitution,hallucinated_b12_causal_substitution,The relevant fact is that a standard violin has four strings. The instrument is commonly tuned in fifths.,The relevant fact is that a standard violin has four strings because the wood grain grows in quarters. The instrument is commonly tuned in fifths.,0.3027573823928833,b12,10.519622,7.235267
b12_definition_substitution,Evaluate the short factual answer below for the given knowledge item.,definition_substitution,truthful_b12_definition_substitution,hallucinated_b12_definition_substitution,"In this case, a standard violin has four strings. The instrument is commonly tuned in fifths.","In this case, a standard violin has four keys. The instrument is commonly tuned in fifths.",0.4863450527191162,b12,9.190435,7.3692613
b12_entity_swap,Evaluate the short factual answer below for the given knowledge item.,entity_swap,truthful_b12_entity_swap,hallucinated_b12_entity_swap,The short answer is: A standard violin has four strings. The instrument is commonly tuned in fifths.,The short answer is: A standard cello has four strings. The instrument is commonly tuned in fifths.,0.5839513540267944,b12,10.171227,6.085153
b12_numeric_distortion,Evaluate the short factual answer below for the given knowledge item.,numeric_distortion,truthful_b12_numeric_distortion,hallucinated_b12_numeric_distortion,A concise response would be that a standard violin has four strings. The instrument is commonly tuned in fifths.,A concise response would be that a standard violin has five strings. The instrument is commonly tuned in fifths.,0.16342660784721375,b12,8.207785,5.815063
b12_role_inversion,Evaluate the short factual answer below for the given knowledge item.,role_inversion,truthful_b12_role_inversion,hallucinated_b12_role_inversion,A standard violin has four strings. The instrument is commonly tuned in fifths.,Four strings have a standard violin rather than a standard violin having four strings. The instrument is commonly tuned in fifths.,0.421497106552124,b12,10.2730875,4.2035503
b13_causal_substitution,Evaluate the short factual answer below for the given knowledge item.,causal_substitution,truthful_b13_causal_substitution,hallucinated_b13_causal_substitution,Binary uses the digits 0 and 1. This representation underlies digital computation.,Binary uses the digits 0 and 1 because processors can only display two colors. This representation underlies digital computation.,0.4032149612903595,b13,11.198453,5.6868105
b13_definition_substitution,Evaluate the short factual answer below for the given knowledge item.,definition_substitution,truthful_b13_definition_substitution,hallucinated_b13_definition_substitution,The relevant fact is that binary uses the digits 0 and 1. This representation underlies digital computation.,The relevant fact is that binary uses the letters 0 and 1. This representation underlies digital computation.,0.2257210612297058,b13,9.626574,8.585452
b13_entity_swap,Evaluate the short factual answer below for the given knowledge item.,entity_swap,truthful_b13_entity_swap,hallucinated_b13_entity_swap,A concise response would be that binary uses the digits 0 and 1. This representation underlies digital computation.,A concise response would be that decimal uses the digits 0 and 1. This representation underlies digital computation.,0.7643780708312988,b13,10.036349,7.472986
b13_numeric_distortion,Evaluate the short factual answer below for the given knowledge item.,numeric_distortion,truthful_b13_numeric_distortion,hallucinated_b13_numeric_distortion,"In this case, binary uses the digits 0 and 1. This representation underlies digital computation.","In this case, binary uses the digits 0, 1, and 2. This representation underlies digital computation.",0.1751885861158371,b13,9.691646,8.801919
b13_role_inversion,Evaluate the short factual answer below for the given knowledge item.,role_inversion,truthful_b13_role_inversion,hallucinated_b13_role_inversion,The short answer is: Binary uses the digits 0 and 1. This representation underlies digital computation.,The short answer is: The digits 0 and 1 use binary rather than binary using the digits 0 and 1. This representation underlies digital computation.,0.44702425599098206,b13,11.024433,4.812551
b14_causal_substitution,Evaluate the short factual answer below for the given knowledge item.,causal_substitution,truthful_b14_causal_substitution,hallucinated_b14_causal_substitution,The short answer is: Inflation refers to a sustained rise in the general price level. It reduces purchasing power when wages do not keep up.,The short answer is: Inflation refers to a sustained rise in the general price level because coins become physically larger. It reduces purchasing power when wages do not keep up.,0.26469334959983826,b14,10.618167,8.55879
b14_definition_substitution,Evaluate the short factual answer below for the given knowledge item.,definition_substitution,truthful_b14_definition_substitution,hallucinated_b14_definition_substitution,Inflation refers to a sustained rise in the general price level. It reduces purchasing power when wages do not keep up.,Inflation refers to a sustained rise in the general employment level. It reduces purchasing power when wages do not keep up.,0.20226624608039856,b14,10.194633,8.397781
b14_entity_swap,Evaluate the short factual answer below for the given knowledge item.,entity_swap,truthful_b14_entity_swap,hallucinated_b14_entity_swap,"In this case, inflation refers to a sustained rise in the general price level. It reduces purchasing power when wages do not keep up.","In this case, deflation refers to a sustained rise in the general price level. It reduces purchasing power when wages do not keep up.",0.5836986899375916,b14,8.250001,7.4899325
b14_numeric_distortion,Evaluate the short factual answer below for the given knowledge item.,numeric_distortion,truthful_b14_numeric_distortion,hallucinated_b14_numeric_distortion,The relevant fact is that inflation refers to a sustained rise in the general price level. It reduces purchasing power when wages do not keep up.,The relevant fact is that inflation refers to a sustained tenfold rise in the general price level. It reduces purchasing power when wages do not keep up.,0.2316325455904007,b14,10.535588,8.40122
b14_role_inversion,Evaluate the short factual answer below for the given knowledge item.,role_inversion,truthful_b14_role_inversion,hallucinated_b14_role_inversion,A concise response would be that inflation refers to a sustained rise in the general price level. It reduces purchasing power when wages do not keep up.,A concise response would be that the general price level refers to inflation rather than inflation referring to the price level trend. It reduces purchasing power when wages do not keep up.,0.8205454349517822,b14,10.9993,6.271951
b15_causal_substitution,Evaluate the short factual answer below for the given knowledge item.,causal_substitution,truthful_b15_causal_substitution,hallucinated_b15_causal_substitution,A concise response would be that a standard basketball team has five players on the court at one time. Bench players are not counted in the live on-court lineup.,A concise response would be that a standard basketball team has five players on the court because each hoop requires two defenders and a referee. Bench players are not counted in the live on-court lineup.,0.2715838551521301,b15,11.3551445,7.0475574
b15_definition_substitution,Evaluate the short factual answer below for the given knowledge item.,definition_substitution,truthful_b15_definition_substitution,hallucinated_b15_definition_substitution,The short answer is: A standard basketball team has five players on the court at one time. Bench players are not counted in the live on-court lineup.,The short answer is: A standard basketball team has five coaches on the court at one time. Bench players are not counted in the live on-court lineup.,0.5110037922859192,b15,9.80493,6.545587
b15_entity_swap,Evaluate the short factual answer below for the given knowledge item.,entity_swap,truthful_b15_entity_swap,hallucinated_b15_entity_swap,The relevant fact is that a standard basketball team has five players on the court at one time. Bench players are not counted in the live on-court lineup.,The relevant fact is that a standard soccer team has five players on the court at one time. Bench players are not counted in the live on-court lineup.,0.4829689562320709,b15,8.432615,6.7443333
b15_numeric_distortion,Evaluate the short factual answer below for the given knowledge item.,numeric_distortion,truthful_b15_numeric_distortion,hallucinated_b15_numeric_distortion,A standard basketball team has five players on the court at one time. Bench players are not counted in the live on-court lineup.,A standard basketball team has six players on the court at one time. Bench players are not counted in the live on-court lineup.,0.1774972379207611,b15,11.087313,7.0358295
b15_role_inversion,Evaluate the short factual answer below for the given knowledge item.,role_inversion,truthful_b15_role_inversion,hallucinated_b15_role_inversion,"In this case, a standard basketball team has five players on the court at one time. Bench players are not counted in the live on-court lineup.","In this case, five players have a basketball court at one time rather than a basketball team having five players on the court. Bench players are not counted in the live on-court lineup.",0.3426353335380554,b15,10.355834,4.3728867
b16_causal_substitution,Evaluate the short factual answer below for the given knowledge item.,causal_substitution,truthful_b16_causal_substitution,hallucinated_b16_causal_substitution,"In this case, vaccines help the immune system recognize pathogens in advance. This can improve protection during later exposure.","In this case, vaccines help the immune system recognize pathogens in advance because they trap germs behind a permanent barrier. This can improve protection during later exposure.",0.1978529840707779,b16,11.560226,6.5292864
b16_definition_substitution,Evaluate the short factual answer below for the given knowledge item.,definition_substitution,truthful_b16_definition_substitution,hallucinated_b16_definition_substitution,A concise response would be that vaccines help the immune system recognize pathogens in advance. This can improve protection during later exposure.,A concise response would be that vaccines help the digestive system recognize pathogens in advance. This can improve protection during later exposure.,0.3384954035282135,b16,10.6782,6.537286
b16_entity_swap,Evaluate the short factual answer below for the given knowledge item.,entity_swap,truthful_b16_entity_swap,hallucinated_b16_entity_swap,Vaccines help the immune system recognize pathogens in advance. This can improve protection during later exposure.,Antibiotics help the immune system recognize pathogens in advance. This can improve protection during later exposure.,0.8422054648399353,b16,8.155397,6.8512225
b16_numeric_distortion,Evaluate the short factual answer below for the given knowledge item.,numeric_distortion,truthful_b16_numeric_distortion,hallucinated_b16_numeric_distortion,The short answer is: Vaccines help the immune system recognize pathogens in advance. This can improve protection during later exposure.,The short answer is: Vaccines help the immune system recognize ten pathogens in advance. This can improve protection during later exposure.,0.3750881552696228,b16,10.868192,8.309919
b16_role_inversion,Evaluate the short factual answer below for the given knowledge item.,role_inversion,truthful_b16_role_inversion,hallucinated_b16_role_inversion,The relevant fact is that vaccines help the immune system recognize pathogens in advance. This can improve protection during later exposure.,The relevant fact is that pathogens help vaccines recognize the immune system in advance rather than vaccines helping the immune system recognize pathogens. This can improve protection during later exposure.,0.4757155179977417,b16,9.9799,5.7925677
b17_causal_substitution,Evaluate the short factual answer below for the given knowledge item.,causal_substitution,truthful_b17_causal_substitution,hallucinated_b17_causal_substitution,The relevant fact is that a legislature is the branch of government that makes laws. Different systems organize it in different ways.,The relevant fact is that a legislature is the branch of government that makes laws because courthouses print them overnight. Different systems organize it in different ways.,0.22802558541297913,b17,9.058311,5.1889806
b17_definition_substitution,Evaluate the short factual answer below for the given knowledge item.,definition_substitution,truthful_b17_definition_substitution,hallucinated_b17_definition_substitution,"In this case, a legislature is the branch of government that makes laws. Different systems organize it in different ways.","In this case, a legislature is the branch of government that enforces laws. Different systems organize it in different ways.",0.10037805140018463,b17,9.340359,5.41653
b17_entity_swap,Evaluate the short factual answer below for the given knowledge item.,entity_swap,truthful_b17_entity_swap,hallucinated_b17_entity_swap,The short answer is: A legislature is the branch of government that makes laws. Different systems organize it in different ways.,The short answer is: A judiciary is the branch of government that makes laws. Different systems organize it in different ways.,0.7785979509353638,b17,9.543595,7.584639
b17_numeric_distortion,Evaluate the short factual answer below for the given knowledge item.,numeric_distortion,truthful_b17_numeric_distortion,hallucinated_b17_numeric_distortion,A concise response would be that a legislature is the branch of government that makes laws. Different systems organize it in different ways.,A concise response would be that a legislature is the branch of government that makes three laws. Different systems organize it in different ways.,0.2348591387271881,b17,8.738472,5.7433076
b17_role_inversion,Evaluate the short factual answer below for the given knowledge item.,role_inversion,truthful_b17_role_inversion,hallucinated_b17_role_inversion,A legislature is the branch of government that makes laws. Different systems organize it in different ways.,Laws are the branch of government that make a legislature rather than a legislature making laws. Different systems organize it in different ways.,0.6393164992332458,b17,11.825839,6.3044453
b18_causal_substitution,Evaluate the short factual answer below for the given knowledge item.,causal_substitution,truthful_b18_causal_substitution,hallucinated_b18_causal_substitution,A barometer measures atmospheric pressure. Weather forecasters use it to monitor changing systems.,A barometer measures atmospheric pressure because clouds push numbers into the dial. Weather forecasters use it to monitor changing systems.,0.20217594504356384,b18,12.142192,7.2218747
b18_definition_substitution,Evaluate the short factual answer below for the given knowledge item.,definition_substitution,truthful_b18_definition_substitution,hallucinated_b18_definition_substitution,The relevant fact is that a barometer measures atmospheric pressure. Weather forecasters use it to monitor changing systems.,The relevant fact is that a barometer measures atmospheric temperature. Weather forecasters use it to monitor changing systems.,0.4086175560951233,b18,10.142482,5.7278924
b18_entity_swap,Evaluate the short factual answer below for the given knowledge item.,entity_swap,truthful_b18_entity_swap,hallucinated_b18_entity_swap,A concise response would be that a barometer measures atmospheric pressure. Weather forecasters use it to monitor changing systems.,A concise response would be that a thermometer measures atmospheric pressure. Weather forecasters use it to monitor changing systems.,0.42336082458496094,b18,9.597988,7.0521717
b18_numeric_distortion,Evaluate the short factual answer below for the given knowledge item.,numeric_distortion,truthful_b18_numeric_distortion,hallucinated_b18_numeric_distortion,"In this case, a barometer measures atmospheric pressure. Weather forecasters use it to monitor changing systems.","In this case, a barometer measures atmospheric pressure in two fixed levels. Weather forecasters use it to monitor changing systems.",0.27336588501930237,b18,8.850931,8.44166
b18_role_inversion,Evaluate the short factual answer below for the given knowledge item.,role_inversion,truthful_b18_role_inversion,hallucinated_b18_role_inversion,The short answer is: A barometer measures atmospheric pressure. Weather forecasters use it to monitor changing systems.,The short answer is: Atmospheric pressure measures a barometer rather than a barometer measuring atmospheric pressure. Weather forecasters use it to monitor changing systems.,0.5734267234802246,b18,10.701177,4.906296
b19_causal_substitution,Evaluate the short factual answer below for the given knowledge item.,causal_substitution,truthful_b19_causal_substitution,hallucinated_b19_causal_substitution,The short answer is: A pronoun can replace a noun in a sentence. This helps reduce repetition in ordinary writing.,The short answer is: A pronoun can replace a noun in a sentence because it always adds a second verb. This helps reduce repetition in ordinary writing.,0.3270717263221741,b19,8.671913,5.59884
b19_definition_substitution,Evaluate the short factual answer below for the given knowledge item.,definition_substitution,truthful_b19_definition_substitution,hallucinated_b19_definition_substitution,A pronoun can replace a noun in a sentence. This helps reduce repetition in ordinary writing.,A pronoun can replace punctuation in a sentence. This helps reduce repetition in ordinary writing.,0.3840903043746948,b19,11.17684,7.512036
b19_entity_swap,Evaluate the short factual answer below for the given knowledge item.,entity_swap,truthful_b19_entity_swap,hallucinated_b19_entity_swap,"In this case, a pronoun can replace a noun in a sentence. This helps reduce repetition in ordinary writing.","In this case, an adjective can replace a noun in a sentence. This helps reduce repetition in ordinary writing.",0.7780647277832031,b19,10.195692,8.087568
b19_numeric_distortion,Evaluate the short factual answer below for the given knowledge item.,numeric_distortion,truthful_b19_numeric_distortion,hallucinated_b19_numeric_distortion,The relevant fact is that a pronoun can replace a noun in a sentence. This helps reduce repetition in ordinary writing.,The relevant fact is that a pronoun can replace two nouns in every sentence. This helps reduce repetition in ordinary writing.,0.32815489172935486,b19,8.651189,8.251982
b19_role_inversion,Evaluate the short factual answer below for the given knowledge item.,role_inversion,truthful_b19_role_inversion,hallucinated_b19_role_inversion,A concise response would be that a pronoun can replace a noun in a sentence. This helps reduce repetition in ordinary writing.,A concise response would be that a noun can replace a pronoun in a sentence rather than a pronoun replacing a noun. This helps reduce repetition in ordinary writing.,0.3819558024406433,b19,8.811546,5.1117134
b20_causal_substitution,Evaluate the short factual answer below for the given knowledge item.,causal_substitution,truthful_b20_causal_substitution,hallucinated_b20_causal_substitution,A concise response would be that airplanes fly because wings generate lift as air moves around them. Engine thrust and wing shape both matter in normal flight.,A concise response would be that airplanes fly because engines directly cancel gravity rather than enabling aerodynamic lift. Engine thrust and wing shape both matter in normal flight.,0.3397856652736664,b20,9.100534,6.0189137
b20_definition_substitution,Evaluate the short factual answer below for the given knowledge item.,definition_substitution,truthful_b20_definition_substitution,hallucinated_b20_definition_substitution,The short answer is: Airplanes fly because wings generate lift as air moves around them. Engine thrust and wing shape both matter in normal flight.,The short answer is: Airplanes fly because wheels generate lift as air moves around them. Engine thrust and wing shape both matter in normal flight.,0.3887350261211395,b20,10.1962,6.737491
b20_entity_swap,Evaluate the short factual answer below for the given knowledge item.,entity_swap,truthful_b20_entity_swap,hallucinated_b20_entity_swap,The relevant fact is that airplanes fly because wings generate lift as air moves around them. Engine thrust and wing shape both matter in normal flight.,The relevant fact is that helicopters fly because wings generate lift as air moves around them. Engine thrust and wing shape both matter in normal flight.,0.8264825940132141,b20,9.176189,5.91066
b20_numeric_distortion,Evaluate the short factual answer below for the given knowledge item.,numeric_distortion,truthful_b20_numeric_distortion,hallucinated_b20_numeric_distortion,Airplanes fly because wings generate lift as air moves around them. Engine thrust and wing shape both matter in normal flight.,Airplanes fly because wings generate five units of lift as air moves around them. Engine thrust and wing shape both matter in normal flight.,0.26933419704437256,b20,10.952508,6.098963
b20_role_inversion,Evaluate the short factual answer below for the given knowledge item.,role_inversion,truthful_b20_role_inversion,hallucinated_b20_role_inversion,"In this case, airplanes fly because wings generate lift as air moves around them. Engine thrust and wing shape both matter in normal flight.","In this case, lift generates airplane wings as air moves around them rather than wings generating lift. Engine thrust and wing shape both matter in normal flight.",0.6608777046203613,b20,9.371812,8.167161
